,h,U,L,H,N,tf,W,CW,CH,Q,s,dh,A_hs,Nu_L,Re_dh
0,11.34287098277693,0.6,0.04,0.05,10,0.0015,0.04,0.15,0.08,10.0,0.002777777777777778,0.0027027027027027024,0.043179999999999996,17.383710318432076,109.17978848418139
1,8.280454072093162,0.6,0.04,0.05,10,0.002,0.04,0.15,0.08,10.0,0.0022222222222222222,0.002173913043478261,0.04368,12.69035106834201,89.81440109988245
2,10.832772230551111,0.6,0.05,0.05,10,0.001,0.05,0.15,0.08,10.0,0.0044444444444444444,0.00425531914893617,0.05360000000000001,20.75243722327799,168.16313397424793
3,6.624363257674529,0.6,0.05,0.05,10,0.002,0.05,0.15,0.08,10.0,0.0033333333333333335,0.0032258064516129037,0.05460000000000001,12.690351068342009,133.27298227724492
4,13.29856100102288,0.6,0.06,0.05,10,0.001,0.06,0.15,0.08,10.0,0.005555555555555555,0.005263157894736842,0.06472,30.571404600052595,207.99124465235928
5,28.13236722863195,1.8,0.04,0.05,10,0.001,0.04,0.15,0.08,10.0,0.003333333333333333,0.0032258064516129032,0.042679999999999996,43.114739047711794,382.4355143607897
6,27.919986016021856,1.8,0.04,0.05,10,0.0015,0.04,0.15,0.08,10.0,0.002777777777777778,0.0027027027027027024,0.043179999999999996,42.78925059926721,327.53936545254413
7,22.4011177410857,1.8,0.05,0.05,10,0.001,0.05,0.15,0.08,10.0,0.0044444444444444444,0.00425531914893617,0.05360000000000001,42.91401866108371,504.4894019227438
8,22.28447592348903,1.8,0.05,0.05,10,0.0015,0.05,0.15,0.08,10.0,0.003888888888888889,0.0037433155080213907,0.05410000000000001,42.690566903235684,453.6507788888179
9,23.58760878601912,1.8,0.06,0.05,10,0.001,0.06,0.15,0.08,10.0,0.005555555555555555,0.005263157894736842,0.06472,54.22438801383706,623.9737339570779
10,24.365406518308934,1.8,0.06,0.05,10,0.0015,0.06,0.15,0.08,10.0,0.005,0.0047619047619047615,0.06522,56.01242877772168,577.0931677021016
11,24.89508276012451,1.8,0.06,0.05,10,0.002,0.06,0.15,0.08,10.0,0.004444444444444444,0.004255319148936169,0.06572,57.23007531063105,527.4207383737776
12,31.955697757205257,2.4,0.04,0.05,10,0.002,0.04,0.15,0.08,10.0,0.0022222222222222222,0.002173913043478261,0.04368,48.9742494363299,359.2576043995298
13,26.605526179181435,2.4,0.05,0.05,10,0.0015,0.05,0.15,0.08,10.0,0.003888888888888889,0.0037433155080213907,0.05410000000000001,50.96844095628628,604.8677051850906
14,27.487071833314115,2.4,0.06,0.05,10,0.001,0.06,0.15,0.08,10.0,0.005555555555555555,0.005263157894736842,0.06472,63.188670881181864,831.9649786094371
15,28.568425950896778,2.4,0.06,0.05,10,0.0015,0.06,0.15,0.08,10.0,0.005,0.0047619047619047615,0.06522,65.67454241585466,769.4575569361355
16,29.359553599335843,2.4,0.06,0.05,10,0.002,0.06,0.15,0.08,10.0,0.004444444444444444,0.004255319148936169,0.06572,67.49322666513986,703.2276511650368
17,3.342796272816025,0.6,0.04,0.05,15,0.0015,0.04,0.15,0.08,10.0,0.00125,0.0012345679012345679,0.06393,5.123059421940268,51.59198178690564
18,4.3963483354519575,0.6,0.05,0.05,15,0.001,0.05,0.15,0.08,10.0,0.0025,0.0024390243902439024,0.07910000000000002,8.422123247992255,98.52810180279785
19,2.6763275725197464,0.6,0.05,0.05,15,0.0015,0.05,0.15,0.08,10.0,0.0019642857142857144,0.0019264448336252192,0.07985000000000002,5.127064315171928,80.50517648359533
20,1.7600825351307476,0.6,0.05,0.05,15,0.002,0.05,0.15,0.08,10.0,0.0014285714285714288,0.0014084507042253524,0.08060000000000002,3.3718056228558386,60.960545884024825
21,5.69942181386545,0.6,0.06,0.05,15,0.002,0.06,0.15,0.08,10.0,0.002142857142857143,0.002097902097902098,0.09672,13.102119112334368,90.80137254054046
22,21.194807368315693,1.8,0.04,0.05,15,0.001,0.04,0.15,0.08,10.0,0.0017857142857142859,0.001754385964912281,0.06318,32.48246339971754,212.61327231130065
23,13.010421072835223,1.8,0.04,0.05,15,0.0015,0.04,0.15,0.08,10.0,0.00125,0.0012345679012345679,0.06393,19.939342640360493,154.77594536071692
24,16.929084774238007,1.8,0.05,0.05,15,0.001,0.05,0.15,0.08,10.0,0.0025,0.0024390243902439024,0.07910000000000002,32.43119688551342,295.58430540839356
25,10.416473456812788,1.8,0.05,0.05,15,0.0015,0.05,0.15,0.08,10.0,0.0019642857142857144,0.0019264448336252192,0.07985000000000002,19.954929993894233,241.515529450786
26,23.128543058038694,1.8,0.06,0.05,15,0.001,0.06,0.15,0.08,10.0,0.0032142857142857142,0.003114186851211073,0.09522,53.169064501238374,377.4069505041426
27,22.6740691190017,1.8,0.06,0.05,15,0.0015,0.06,0.15,0.08,10.0,0.0026785714285714286,0.002608695652173913,0.09597,52.12429682529125,327.04830193612355
28,27.69300438783943,2.4,0.04,0.05,15,0.001,0.04,0.15,0.08,10.0,0.0017857142857142859,0.001754385964912281,0.06318,42.44138603500296,283.4843630817342
29,18.714962925019538,2.4,0.04,0.05,15,0.0015,0.04,0.15,0.08,10.0,0.00125,0.0012345679012345679,0.06393,28.68193551727132,206.36792714762257
30,8.690095825620652,2.4,0.04,0.05,15,0.002,0.04,0.15,0.08,10.0,0.0007142857142857144,0.0007092198581560285,0.06468,13.318154522023988,122.7857803621493
31,22.110650475806708,2.4,0.05,0.05,15,0.001,0.05,0.15,0.08,10.0,0.0025,0.0024390243902439024,0.07910000000000002,42.35756796131553,394.1124072111914
32,14.983703666925,2.4,0.05,0.05,15,0.0015,0.05,0.15,0.08,10.0,0.0019642857142857144,0.0019264448336252192,0.07985000000000002,28.704413155028735,322.02070593438134
33,6.973613453125071,2.4,0.05,0.05,15,0.002,0.05,0.15,0.08,10.0,0.0014285714285714288,0.0014084507042253524,0.08060000000000002,13.359412745450328,243.8421835360993
34,25.874383429464196,2.4,0.06,0.05,15,0.002,0.06,0.15,0.08,10.0,0.002142857142857143,0.002097902097902098,0.09672,59.48134121715906,363.2054901621618
35,12.525867304032325,0.6,0.05,0.05,8,0.001,0.05,0.15,0.08,10.0,0.006,0.005660377358490566,0.04340000000000001,23.995914375540853,221.76034624206494
36,13.432674720873669,0.6,0.06,0.05,8,0.001,0.06,0.15,0.08,10.0,0.0074285714285714285,0.006914893617021277,0.052520000000000004,30.879712002008432,270.909359150324
37,13.652188510141329,0.6,0.06,0.05,8,0.0015,0.06,0.15,0.08,10.0,0.006857142857142858,0.006417112299465242,0.05292,31.38434140262374,255.81810839594996
38,13.792747152733758,0.6,0.06,0.05,8,0.002,0.06,0.15,0.08,10.0,0.006285714285714285,0.005913978494623656,0.053320000000000006,31.70746471892818,239.9706972551582
39,28.41908622085961,1.8,0.04,0.05,8,0.001,0.04,0.15,0.08,10.0,0.004571428571428572,0.004371584699453552,0.03448,43.55415512775419,513.8053923859866
40,29.155139583310326,1.8,0.04,0.05,8,0.002,0.04,0.15,0.08,10.0,0.003428571428571429,0.0033149171270718232,0.03528,44.68220625794685,403.5268178856201
41,22.578474018227773,1.8,0.05,0.05,8,0.001,0.05,0.15,0.08,10.0,0.006,0.005660377358490566,0.04340000000000001,43.253781644114504,665.2810387261949
42,23.10302586921833,1.8,0.05,0.05,8,0.0015,0.05,0.15,0.08,10.0,0.005428571428571429,0.005149051490514906,0.04380000000000001,44.2586702475447,615.8006362674865
43,23.271461301712257,1.8,0.05,0.05,8,0.002,0.05,0.15,0.08,10.0,0.004857142857142858,0.004632152588555859,0.04420000000000001,44.58134348987022,563.8746678628761
44,23.341508931467956,1.8,0.06,0.05,8,0.001,0.06,0.15,0.08,10.0,0.0074285714285714285,0.006914893617021277,0.052520000000000004,53.65864122176541,812.7280774509723
45,24.61255771700911,1.8,0.06,0.05,8,0.002,0.06,0.15,0.08,10.0,0.006285714285714285,0.005913978494623656,0.053320000000000006,56.5805924528945,719.9120917654747
46,33.111805923575105,2.4,0.04,0.05,8,0.001,0.04,0.15,0.08,10.0,0.004571428571428572,0.004371584699453552,0.03448,50.746062718122765,685.0738565146487
47,34.542172208441826,2.4,0.04,0.05,8,0.002,0.04,0.15,0.08,10.0,0.003428571428571429,0.0033149171270718232,0.03528,52.9381949554664,538.0357571808267
48,26.306758913074834,2.4,0.05,0.05,8,0.001,0.05,0.15,0.08,10.0,0.006,0.005660377358490566,0.04340000000000001,50.39608987179087,887.0413849682598
49,27.12536162785071,2.4,0.05,0.05,8,0.0015,0.05,0.15,0.08,10.0,0.005428571428571429,0.005149051490514906,0.04380000000000001,51.964294306227416,821.0675150233154
50,27.57135912619646,2.4,0.05,0.05,8,0.002,0.05,0.15,0.08,10.0,0.004857142857142858,0.004632152588555859,0.04420000000000001,52.818695644054515,751.8328904838348
51,28.064040360954657,2.4,0.06,0.05,8,0.0015,0.06,0.15,0.08,10.0,0.006857142857142858,0.006417112299465242,0.05292,64.51503531253944,1023.2724335837999
52,13.60429140596259,0.6,0.04,0.05,10,0.001,0.04,0.15,0.08,10.0,0.003333333333333333,0.0032258064516129032,0.042679999999999996,20.84948874477025,127.47850478692988
53,9.053368979980258,0.6,0.05,0.05,10,0.0015,0.05,0.15,0.08,10.0,0.003888888888888889,0.0037433155080213907,0.05410000000000001,17.343618735594365,151.21692629627265
54,13.297034464111597,0.6,0.06,0.05,10,0.0015,0.06,0.15,0.08,10.0,0.005,0.0047619047619047615,0.06522,30.567895319796772,192.36438923403387
55,12.967568747995598,0.6,0.06,0.05,10,0.002,0.06,0.15,0.08,10.0,0.004444444444444444,0.004255319148936169,0.06572,29.810502868955393,175.8069127912592
56,25.852357716339856,1.8,0.04,0.05,10,0.002,0.04,0.15,0.08,10.0,0.0022222222222222222,0.002173913043478261,0.04368,39.62047159592315,269.4432032996473
57,20.68188617307188,1.8,0.05,0.05,10,0.002,0.05,0.15,0.08,10.0,0.0033333333333333335,0.0032258064516129037,0.05460000000000001,39.62047159592314,399.81894683173476
58,33.036871109212825,2.4,0.04,0.05,10,0.001,0.04,0.15,0.08,10.0,0.003333333333333333,0.0032258064516129032,0.042679999999999996,50.63122009074762,509.9140191477195
59,33.33378453332487,2.4,0.04,0.05,10,0.0015,0.04,0.15,0.08,10.0,0.002777777777777778,0.0027027027027027024,0.043179999999999996,51.08625982118753,436.71915393672555
60,26.30645453687039,2.4,0.05,0.05,10,0.001,0.05,0.15,0.08,10.0,0.0044444444444444444,0.00425531914893617,0.05360000000000001,50.395506775613775,672.6525358969917
61,25.564558205764204,2.4,0.05,0.05,10,0.002,0.05,0.15,0.08,10.0,0.0033333333333333335,0.0032258064516129037,0.05460000000000001,48.9742494363299,533.0919291089797
62,5.504100159171719,0.6,0.04,0.05,15,0.001,0.04,0.15,0.08,10.0,0.0017857142857142859,0.001754385964912281,0.06318,8.435402542791905,70.87109077043355
63,2.1933085328142585,0.6,0.04,0.05,15,0.002,0.04,0.15,0.08,10.0,0.0007142857142857144,0.0007092198581560285,0.06468,3.361392387454802,30.696445090537324
64,9.792726496673438,0.6,0.06,0.05,15,0.001,0.06,0.15,0.08,10.0,0.0032142857142857142,0.003114186851211073,0.09522,22.512014934881464,125.80231683471423
65,7.8110900962617364,0.6,0.06,0.05,15,0.0015,0.06,0.15,0.08,10.0,0.0026785714285714286,0.002608695652173913,0.09597,17.95652895692353,109.01610064537452
66,6.233407991199693,1.8,0.04,0.05,15,0.002,0.04,0.15,0.08,10.0,0.0007142857142857144,0.0007092198581560285,0.06468,9.5531156953252,92.08933527161199
67,5.002174739902007,1.8,0.05,0.05,15,0.002,0.05,0.15,0.08,10.0,0.0014285714285714288,0.0014084507042253524,0.08060000000000002,9.582710229697332,182.8816376520745
68,20.186628640508683,1.8,0.06,0.05,15,0.002,0.06,0.15,0.08,10.0,0.002142857142857143,0.002097902097902098,0.09672,46.4060428517441,272.4041176216214
69,27.385746454195225,2.4,0.06,0.05,15,0.001,0.06,0.15,0.08,10.0,0.0032142857142857142,0.003114186851211073,0.09522,62.955738975161424,503.20926733885693
70,27.56468738408079,2.4,0.06,0.05,15,0.0015,0.06,0.15,0.08,10.0,0.0026785714285714286,0.002608695652173913,0.09597,63.36709743466848,436.0644025814981
71,15.766065617054574,0.6,0.04,0.05,8,0.001,0.04,0.15,0.08,10.0,0.004571428571428572,0.004371584699453552,0.03448,24.16255266981544,171.26846412866217
72,15.323883160681158,0.6,0.04,0.05,8,0.0015,0.04,0.15,0.08,10.0,0.004,0.003846153846153846,0.034879999999999994,23.48487840717419,153.32687907064945
73,14.139161890059194,0.6,0.04,0.05,8,0.002,0.04,0.15,0.08,10.0,0.003428571428571429,0.0033149171270718232,0.03528,21.66921362461179,134.5089392952067
74,11.28579603685086,0.6,0.05,0.05,8,0.002,0.05,0.15,0.08,10.0,0.004857142857142858,0.004632152588555859,0.04420000000000001,21.620298921170228,187.9582226209587
75,29.010950676735842,1.8,0.04,0.05,8,0.0015,0.04,0.15,0.08,10.0,0.004,0.003846153846153846,0.034879999999999994,44.4612270907829,459.9806372119484
76,23.988384783192902,1.8,0.06,0.05,8,0.0015,0.06,0.15,0.08,10.0,0.006857142857142858,0.006417112299465242,0.05292,55.145712145271034,767.4543251878499
77,34.06188144916037,2.4,0.04,0.05,8,0.0015,0.04,0.15,0.08,10.0,0.004,0.003846153846153846,0.034879999999999994,52.202117163464166,613.3075162825978
78,27.2032708295728,2.4,0.06,0.05,8,0.001,0.06,0.15,0.08,10.0,0.0074285714285714285,0.006914893617021277,0.052520000000000004,62.536254780627125,1083.637436601296
79,28.929966712402017,2.4,0.06,0.05,8,0.002,0.06,0.15,0.08,10.0,0.006285714285714285,0.005913978494623656,0.053320000000000006,66.50567060322302,959.8827890206328
80,11.136596453361456,0.6,0.04,0.01,10,0.001,0.04,0.15,0.063,10.0,0.003333333333333333,0.002857142857142857,0.009880000000000002,17.067580771435182,109.3622413392686
81,9.68374346095965,0.6,0.04,0.01,10,0.0015,0.04,0.15,0.063,10.0,0.002777777777777778,0.0024390243902439024,0.009980000000000001,14.840986147064598,93.85993568915721
82,8.26030149382406,0.6,0.04,0.01,10,0.002,0.04,0.15,0.063,10.0,0.0022222222222222222,0.002,0.010080000000000002,12.659465890918101,77.38117508816356
83,8.598488424455823,0.6,0.05,0.01,10,0.001,0.05,0.15,0.063,10.0,0.0044444444444444444,0.0036363636363636364,0.0128,16.472200046850237,139.18830715906913
84,7.493727632096468,0.6,0.05,0.01,10,0.0015,0.05,0.15,0.063,10.0,0.003888888888888889,0.0032558139534883722,0.012900000000000002,14.355800061487487,125.29210019901451
85,6.406462837958204,0.6,0.05,0.01,10,0.002,0.05,0.15,0.063,10.0,0.0033333333333333335,0.002857142857142857,0.013000000000000001,12.272917314096176,110.54453584023366
86,10.585735744152236,0.6,0.06,0.01,10,0.001,0.06,0.15,0.063,10.0,0.005555555555555555,0.004347826086956522,0.01592,24.33502469920054,166.42080203801743
87,10.259723099703033,0.6,0.06,0.01,10,0.0015,0.06,0.15,0.063,10.0,0.005,0.004,0.01602,23.5855703441449,153.93029453021785
88,9.728880763239255,0.6,0.06,0.01,10,0.002,0.06,0.15,0.063,10.0,0.004444444444444444,0.0036363636363636364,0.016120000000000002,22.365243133883343,140.69304561484284
89,25.7174374116867,1.8,0.04,0.01,10,0.001,0.04,0.15,0.063,10.0,0.003333333333333333,0.002857142857142857,0.009880000000000002,39.41369718266161,328.0867240178058
90,24.89650838314043,1.8,0.04,0.01,10,0.0015,0.04,0.15,0.063,10.0,0.002777777777777778,0.0024390243902439024,0.009980000000000001,38.15556840328035,281.5798070674717
91,22.650716216758102,1.8,0.04,0.01,10,0.002,0.04,0.15,0.063,10.0,0.0022222222222222222,0.002,0.010080000000000002,34.713741328364904,232.1435252644907
92,19.85625400158136,1.8,0.05,0.01,10,0.001,0.05,0.15,0.063,10.0,0.0044444444444444444,0.0036363636363636364,0.0128,38.03880076931295,417.5649214772074
93,19.266067256491745,1.8,0.05,0.01,10,0.0015,0.05,0.15,0.063,10.0,0.003888888888888889,0.0032558139534883722,0.012900000000000002,36.90817482086541,375.8763005970436
94,17.5672730352872,1.8,0.05,0.01,10,0.002,0.05,0.15,0.063,10.0,0.0033333333333333335,0.002857142857142857,0.013000000000000001,33.65377976108659,331.633607520701
95,21.40364128609496,1.8,0.06,0.01,10,0.001,0.06,0.15,0.063,10.0,0.005555555555555555,0.004347826086956522,0.01592,49.20377307148266,499.26240611405234
96,21.483002965399987,1.8,0.06,0.01,10,0.0015,0.06,0.15,0.063,10.0,0.005,0.004,0.01602,49.38621371356318,461.7908835906536
97,21.40550570531933,1.8,0.06,0.01,10,0.002,0.06,0.15,0.063,10.0,0.004444444444444444,0.0036363636363636364,0.016120000000000002,49.20805909268812,422.07913684452853
98,30.795751052600075,2.4,0.04,0.01,10,0.001,0.04,0.15,0.063,10.0,0.003333333333333333,0.002857142857142857,0.009880000000000002,47.196553337318115,437.4489653570744
99,30.23697717902047,2.4,0.04,0.01,10,0.0015,0.04,0.15,0.063,10.0,0.002777777777777778,0.0024390243902439024,0.009980000000000001,46.3401949103762,375.43974275662885
100,28.37555372224625,2.4,0.04,0.01,10,0.002,0.04,0.15,0.063,10.0,0.0022222222222222222,0.002,0.010080000000000002,43.487438654783524,309.52470035265424
101,23.776496810603366,2.4,0.05,0.01,10,0.001,0.05,0.15,0.063,10.0,0.0044444444444444444,0.0036363636363636364,0.0128,45.5488444647574,556.7532286362765
102,23.398768493918915,2.4,0.05,0.01,10,0.0015,0.05,0.15,0.063,10.0,0.003888888888888889,0.0032558139534883722,0.012900000000000002,44.825226999844666,501.16840079605805
103,22.00729968076503,2.4,0.05,0.01,10,0.002,0.05,0.15,0.063,10.0,0.0033333333333333335,0.002857142857142857,0.013000000000000001,42.15957793250005,442.17814336093465
104,25.55026733418056,2.4,0.06,0.01,10,0.001,0.06,0.15,0.063,10.0,0.005555555555555555,0.004347826086956522,0.01592,58.73624674524266,665.6832081520697
105,25.680398244548666,2.4,0.06,0.01,10,0.0015,0.06,0.15,0.063,10.0,0.005,0.004,0.01602,59.03539826333026,615.7211781208714
106,25.67768170167055,2.4,0.06,0.01,10,0.002,0.06,0.15,0.063,10.0,0.004444444444444444,0.0036363636363636364,0.016120000000000002,59.029153337173675,562.7721824593714
107,6.395259274301571,0.6,0.04,0.01,15,0.001,0.04,0.15,0.063,10.0,0.0017857142857142859,0.001639344262295082,0.013980000000000001,9.801163638776353,63.08618628287617
108,4.874466366925166,0.6,0.04,0.01,15,0.0015,0.04,0.15,0.063,10.0,0.00125,0.001176470588235294,0.014130000000000002,7.470446539348913,45.64169421747253
109,3.764448571801907,0.6,0.04,0.01,15,0.002,0.04,0.15,0.063,10.0,0.0007142857142857144,0.0006896551724137932,0.014280000000000001,5.769269841842003,26.97478310026429
110,3.816317745124332,0.6,0.05,0.01,15,0.0015,0.05,0.15,0.063,10.0,0.0019642857142857144,0.001788617886178862,0.01805,7.310953534720943,69.39021803794604
111,2.9539607372172334,0.6,0.05,0.01,15,0.002,0.05,0.15,0.063,10.0,0.0014285714285714288,0.0013333333333333335,0.0182,5.658928615358684,52.151247327177636
112,7.596427254501299,0.6,0.06,0.01,15,0.001,0.06,0.15,0.063,10.0,0.0032142857142857142,0.002769230769230769,0.022019999999999998,17.463051159773098,106.5671269824585
113,6.689216324296885,0.6,0.06,0.01,15,0.0015,0.06,0.15,0.063,10.0,0.0026785714285714286,0.002362204724409449,0.022169999999999995,15.377508791487092,91.64277185398028
114,5.726042412829306,0.6,0.06,0.01,15,0.002,0.06,0.15,0.063,10.0,0.002142857142857143,0.0019354838709677422,0.022319999999999996,13.163315891561624,75.70342353945139
115,19.417636364137618,1.8,0.04,0.01,15,0.001,0.04,0.15,0.063,10.0,0.0017857142857142859,0.001639344262295082,0.013980000000000001,29.758829676839262,189.25855884862852
116,14.298633871136413,1.8,0.04,0.01,15,0.0015,0.04,0.15,0.063,10.0,0.00125,0.001176470588235294,0.014130000000000002,21.91361512817841,136.9250826524176
117,9.364846789363966,1.8,0.04,0.01,15,0.002,0.04,0.15,0.063,10.0,0.0007142857142857144,0.0006896551724137932,0.014280000000000001,14.352255615883472,80.9243493007929
118,15.16733151554305,1.8,0.05,0.01,15,0.001,0.05,0.15,0.063,10.0,0.0025,0.0022222222222222222,0.0179,29.05619064280278,256.55049088369645
119,11.194688005997161,1.8,0.05,0.01,15,0.0015,0.05,0.15,0.063,10.0,0.0019642857142857144,0.001788617886178862,0.01805,21.445762463596093,208.17065411383817
120,7.348590158211286,1.8,0.05,0.01,15,0.002,0.05,0.15,0.063,10.0,0.0014285714285714288,0.0013333333333333335,0.0182,14.077758923776408,156.45374198153291
121,20.12087156826571,1.8,0.06,0.01,15,0.001,0.06,0.15,0.063,10.0,0.0032142857142857142,0.002769230769230769,0.022019999999999998,46.25487716842691,319.7013809473755
122,18.561064902253165,1.8,0.06,0.01,15,0.0015,0.06,0.15,0.063,10.0,0.0026785714285714286,0.002362204724409449,0.022169999999999995,42.66911471782336,274.9283155619409
123,15.92576001193792,1.8,0.06,0.01,15,0.002,0.06,0.15,0.063,10.0,0.002142857142857143,0.0019354838709677422,0.022319999999999996,36.610942556179126,227.11027061835426
124,25.42198839009546,2.4,0.04,0.01,15,0.001,0.04,0.15,0.063,10.0,0.0017857142857142859,0.001639344262295082,0.013980000000000001,38.960901747272736,252.34474513150468
125,18.928206776831818,2.4,0.04,0.01,15,0.0015,0.04,0.15,0.063,10.0,0.00125,0.001176470588235294,0.014130000000000002,29.008746018133053,182.56677686989013
126,12.310707271418464,2.4,0.04,0.01,15,0.002,0.04,0.15,0.063,10.0,0.0007142857142857144,0.0006896551724137932,0.014280000000000001,18.86698432401297,107.89913240105716
127,19.856708054409385,2.4,0.05,0.01,15,0.001,0.05,0.15,0.063,10.0,0.0025,0.0022222222222222222,0.0179,38.03967060231683,342.06732117826186
128,14.81927373546998,2.4,0.05,0.01,15,0.0015,0.05,0.15,0.063,10.0,0.0019642857142857144,0.001788617886178862,0.01805,28.38941328634096,277.56087215178417
129,9.660205268719624,2.4,0.05,0.01,15,0.002,0.05,0.15,0.063,10.0,0.0014285714285714288,0.0013333333333333335,0.0182,18.506140361531845,208.60498930871054
130,24.63902587104234,2.4,0.06,0.01,15,0.001,0.06,0.15,0.063,10.0,0.0032142857142857142,0.002769230769230769,0.022019999999999998,56.64143878400537,426.268507929834
131,23.36159051686335,2.4,0.06,0.01,15,0.0015,0.06,0.15,0.063,10.0,0.0026785714285714286,0.002362204724409449,0.022169999999999995,53.70480578589276,366.5710874159211
132,20.723379533094217,2.4,0.06,0.01,15,0.002,0.06,0.15,0.063,10.0,0.002142857142857143,0.0019354838709677422,0.022319999999999996,47.63995294964188,302.81369415780557
133,13.03529915343879,0.6,0.04,0.01,8,0.001,0.04,0.15,0.063,10.0,0.004571428571428572,0.0037209302325581397,0.00824,19.977469966955997,142.121241878437
134,12.433618189870852,0.6,0.04,0.01,8,0.0015,0.04,0.15,0.063,10.0,0.004,0.0033333333333333335,0.008320000000000001,19.055353547694793,127.86278484557215
135,11.44321629804723,0.6,0.04,0.01,8,0.002,0.04,0.15,0.063,10.0,0.003428571428571429,0.002926829268292683,0.008400000000000001,17.537496242217973,112.75316278697466
136,9.986527528233033,0.6,0.05,0.01,8,0.001,0.05,0.15,0.063,10.0,0.006,0.004615384615384615,0.01076,19.131278789718454,176.28500194536895
137,9.546836635732648,0.6,0.05,0.01,8,0.0015,0.05,0.15,0.063,10.0,0.005428571428571429,0.004269662921348315,0.01084,18.288959072284765,163.77929744264299
138,8.805669165829446,0.6,0.05,0.01,8,0.002,0.05,0.15,0.063,10.0,0.004857142857142858,0.003908045977011494,0.010920000000000001,16.869098018830357,150.55355261019412
139,11.05089856976706,0.6,0.06,0.01,8,0.001,0.06,0.15,0.063,10.0,0.0074285714285714285,0.005416666666666667,0.013479999999999999,25.404364528200134,206.89003700532885
140,11.027849182272595,0.6,0.06,0.01,8,0.0015,0.06,0.15,0.063,10.0,0.006857142857142858,0.005106382978723405,0.01356,25.351377430511707,195.87490444428076
141,26.09466520877655,1.8,0.04,0.01,8,0.001,0.04,0.15,0.063,10.0,0.004571428571428572,0.0037209302325581397,0.00824,39.99182407475333,426.363725635311
142,26.164718796708875,1.8,0.04,0.01,8,0.0015,0.04,0.15,0.063,10.0,0.004,0.0033333333333333335,0.008320000000000001,40.09918589533927,383.5883545367165
143,25.936783093265205,1.8,0.04,0.01,8,0.002,0.04,0.15,0.063,10.0,0.003428571428571429,0.002926829268292683,0.008400000000000001,39.749859146766596,338.25948836092397
144,19.99149305129106,1.8,0.05,0.01,8,0.001,0.05,0.15,0.063,10.0,0.006,0.004615384615384615,0.01076,38.29787940860356,528.8550058361069
145,20.089912055973908,1.8,0.05,0.01,8,0.0015,0.05,0.15,0.063,10.0,0.005428571428571429,0.004269662921348315,0.01084,38.486421563168406,491.337892327929
146,19.958613487376496,1.8,0.05,0.01,8,0.002,0.05,0.15,0.063,10.0,0.004857142857142858,0.003908045977011494,0.010920000000000001,38.23489173826915,451.6606578305823
147,21.43535965158754,1.8,0.06,0.01,8,0.001,0.06,0.15,0.063,10.0,0.0074285714285714285,0.005416666666666667,0.013479999999999999,49.27668885422422,620.6701110159865
148,21.572764739025953,1.8,0.06,0.01,8,0.0015,0.06,0.15,0.063,10.0,0.006857142857142858,0.005106382978723405,0.01356,49.59256261845046,587.6247133328422
149,21.717714363304914,1.8,0.06,0.01,8,0.002,0.06,0.15,0.063,10.0,0.006285714285714285,0.004782608695652173,0.01364,49.925780145528535,552.7356132274516
150,30.983639260182482,2.4,0.04,0.01,8,0.001,0.04,0.15,0.063,10.0,0.004571428571428572,0.0037209302325581397,0.00824,47.484504613306484,568.484967513748
151,31.1227438610738,2.4,0.04,0.01,8,0.0015,0.04,0.15,0.063,10.0,0.004,0.0033333333333333335,0.008320000000000001,47.697691741109274,511.4511393822886
152,31.027605055324845,2.4,0.04,0.01,8,0.002,0.04,0.15,0.063,10.0,0.003428571428571429,0.002926829268292683,0.008400000000000001,47.551885142260296,451.0126511478986
153,23.73700540006614,2.4,0.05,0.01,8,0.001,0.05,0.15,0.063,10.0,0.006,0.004615384615384615,0.01076,45.47319042158264,705.1400077814758
154,23.89680515841133,2.4,0.05,0.01,8,0.0015,0.05,0.15,0.063,10.0,0.005428571428571429,0.004269662921348315,0.01084,45.77932022684163,655.1171897705719
155,23.87605180300859,2.4,0.05,0.01,8,0.002,0.05,0.15,0.063,10.0,0.004857142857142858,0.003908045977011494,0.010920000000000001,45.73956284101262,602.2142104407765
156,25.55995040877876,2.4,0.06,0.01,8,0.001,0.06,0.15,0.063,10.0,0.0074285714285714285,0.005416666666666667,0.013479999999999999,58.758506686847724,827.5601480213154
157,25.712006245494745,2.4,0.06,0.01,8,0.0015,0.06,0.15,0.063,10.0,0.006857142857142858,0.005106382978723405,0.01356,59.10806033447067,783.499617777123
158,25.923947845258716,2.4,0.06,0.01,8,0.002,0.06,0.15,0.063,10.0,0.006285714285714285,0.004782608695652173,0.01364,59.59528240289359,736.9808176366023
159,13.102476060419653,0.6,0.04,0.02,10,0.001,0.04,0.15,0.063,10.0,0.003333333333333333,0.003076923076923077,0.018080000000000002,20.080423081102914,119.04796167409778
160,11.084799606877564,0.6,0.04,0.02,10,0.0015,0.04,0.15,0.063,10.0,0.002777777777777778,0.002597402597402598,0.01828,16.98819863122998,101.59333894904735
161,8.680389703915766,0.6,0.04,0.02,10,0.002,0.04,0.15,0.063,10.0,0.0022222222222222222,0.002105263157894737,0.018480000000000003,13.30327923971765,83.2539540058753
162,10.30047468645978,0.6,0.05,0.02,10,0.001,0.05,0.15,0.063,10.0,0.0044444444444444444,0.004,0.023,19.732710127317585,154.76235017632712
163,8.734631793230562,0.6,0.05,0.02,10,0.0015,0.05,0.15,0.063,10.0,0.003888888888888889,0.0035443037974683548,0.023200000000000005,16.73301109814284,138.6298979583203
164,6.8673052520491,0.6,0.05,0.02,10,0.002,0.05,0.15,0.063,10.0,0.0033333333333333335,0.003076923076923077,0.023400000000000004,13.155757187833526,121.67885585474082
165,12.484035964289761,0.6,0.06,0.02,10,0.001,0.06,0.15,0.063,10.0,0.005555555555555555,0.004878048780487804,0.02812,28.69893325124083,188.73457338576478
166,12.273477111705873,0.6,0.06,0.02,10,0.0015,0.06,0.15,0.063,10.0,0.005,0.0044444444444444444,0.028319999999999998,28.214889911967518,173.8374910905921
167,11.792221815500792,0.6,0.06,0.02,10,0.002,0.06,0.15,0.063,10.0,0.004444444444444444,0.003999999999999999,0.02852,27.108555897702967,158.18251261116302
168,27.944743598287424,1.8,0.04,0.02,10,0.001,0.04,0.15,0.063,10.0,0.003333333333333333,0.003076923076923077,0.018080000000000002,42.82719325408034,357.14388502229343
169,27.361216433703987,1.8,0.04,0.02,10,0.0015,0.04,0.15,0.063,10.0,0.002777777777777778,0.002597402597402598,0.01828,41.932898748971624,304.7800168471421
170,25.135274979142253,1.8,0.04,0.02,10,0.002,0.04,0.15,0.063,10.0,0.0022222222222222222,0.002105263157894737,0.018480000000000003,38.52149422090766,249.76186201762593
171,21.968534209930738,1.8,0.05,0.02,10,0.001,0.05,0.15,0.063,10.0,0.0044444444444444444,0.004,0.023,42.08531457841137,464.2870505289814
172,21.560168829304946,1.8,0.05,0.02,10,0.0015,0.05,0.15,0.063,10.0,0.003888888888888889,0.0035443037974683548,0.023200000000000005,41.303005420124414,415.889693874961
173,19.851519302675754,1.8,0.05,0.02,10,0.002,0.05,0.15,0.063,10.0,0.0033333333333333335,0.003076923076923077,0.023400000000000004,38.02973046489608,365.03656756422254
174,23.338201601830033,1.8,0.06,0.02,10,0.001,0.06,0.15,0.063,10.0,0.005555555555555555,0.004878048780487804,0.02812,53.65103816512651,566.2037201572944
175,23.612709404951847,1.8,0.06,0.02,10,0.0015,0.06,0.15,0.063,10.0,0.005,0.0044444444444444444,0.028319999999999998,54.28209058609619,521.5124732717763
176,23.762805119609148,1.8,0.06,0.02,10,0.002,0.06,0.15,0.063,10.0,0.004444444444444444,0.003999999999999999,0.02852,54.62713820599804,474.5475378334892
177,33.074436782273004,2.4,0.04,0.02,10,0.001,0.04,0.15,0.063,10.0,0.003333333333333333,0.003076923076923077,0.018080000000000002,50.68879200348353,476.1918466963911
178,32.92102219266751,2.4,0.04,0.02,10,0.0015,0.04,0.15,0.063,10.0,0.002777777777777778,0.002597402597402598,0.01828,50.45367385849426,406.3733557961894
179,31.130006096441086,2.4,0.04,0.02,10,0.002,0.04,0.15,0.063,10.0,0.0022222222222222222,0.002105263157894737,0.018480000000000003,47.70882160374113,333.0158160235012
180,26.001375409786917,2.4,0.05,0.02,10,0.001,0.05,0.15,0.063,10.0,0.0044444444444444444,0.004,0.023,49.81106400342321,619.0494007053085
181,25.864521996005575,2.4,0.05,0.02,10,0.0015,0.05,0.15,0.063,10.0,0.003888888888888889,0.0035443037974683548,0.023200000000000005,49.548892712654364,554.5195918332812
182,24.58608141063603,2.4,0.05,0.02,10,0.002,0.05,0.15,0.063,10.0,0.0033333333333333335,0.003076923076923077,0.023400000000000004,47.09977281731041,486.71542341896327
183,27.54881408894555,2.4,0.06,0.02,10,0.001,0.06,0.15,0.063,10.0,0.005555555555555555,0.004878048780487804,0.02812,63.33060710102425,754.9382935430591
184,27.94656802077316,2.4,0.06,0.02,10,0.0015,0.06,0.15,0.063,10.0,0.005,0.0044444444444444444,0.028319999999999998,64.24498395580036,695.3499643623684
185,28.228496612816084,2.4,0.06,0.02,10,0.002,0.06,0.15,0.063,10.0,0.004444444444444444,0.003999999999999999,0.02852,64.89309566164616,632.7300504446521
186,6.373908861440412,0.6,0.04,0.02,15,0.001,0.04,0.15,0.063,10.0,0.0017857142857142859,0.0017094017094017094,0.02628,9.768442699525533,66.86057349638158
187,4.338303374895317,0.6,0.04,0.02,15,0.0015,0.04,0.15,0.063,10.0,0.00125,0.0012121212121212121,0.026580000000000003,6.648740804437267,48.20039525693691
188,2.9525579548371663,0.6,0.04,0.02,15,0.002,0.04,0.15,0.063,10.0,0.0007142857142857144,0.0007017543859649123,0.02688,4.524993034233205,28.378466431381227
189,5.045532660287364,0.6,0.05,0.02,15,0.001,0.05,0.15,0.063,10.0,0.0025,0.002352941176470588,0.0332,9.66577137986085,92.03161293031344
190,3.4422371421044398,0.6,0.05,0.02,15,0.0015,0.05,0.15,0.063,10.0,0.0019642857142857144,0.001872340425531915,0.0335,6.59432402702,74.45422756709827
191,2.34811098709174,0.6,0.05,0.02,15,0.002,0.05,0.15,0.063,10.0,0.0014285714285714288,0.0013793103448275863,0.033800000000000004,4.498296910137433,55.77836505478379
192,9.067317221189162,0.6,0.06,0.02,15,0.001,0.06,0.15,0.063,10.0,0.0032142857142857142,0.002975206611570248,0.04032,20.844407405032555,116.3705518870906
193,7.498789217721216,0.6,0.06,0.02,15,0.0015,0.06,0.15,0.063,10.0,0.0026785714285714286,0.0025104602510460255,0.040619999999999996,17.23859590280739,99.82927051122917
194,5.994188852269741,0.6,0.06,0.02,15,0.002,0.06,0.15,0.063,10.0,0.002142857142857143,0.0020338983050847462,0.04092,13.779744487976416,82.24945355535917
195,21.326538206018107,1.8,0.04,0.02,15,0.001,0.04,0.15,0.063,10.0,0.0017857142857142859,0.0017094017094017094,0.02628,32.68434974102392,200.58172048914477
196,14.140490175519943,1.8,0.04,0.02,15,0.0015,0.04,0.15,0.063,10.0,0.00125,0.0012121212121212121,0.026580000000000003,21.671249311141676,144.6011857708107
197,7.902226534176442,1.8,0.04,0.02,15,0.002,0.04,0.15,0.063,10.0,0.0007142857142857144,0.0007017543859649123,0.02688,12.110692006400678,85.1353992941437
198,16.88190832164076,1.8,0.05,0.02,15,0.001,0.05,0.15,0.063,10.0,0.0025,0.002352941176470588,0.0332,32.34082053954169,276.0948387909404
199,11.21980559760005,1.8,0.05,0.02,15,0.0015,0.05,0.15,0.063,10.0,0.0019642857142857144,0.001872340425531915,0.0335,21.49388045517251,223.36268270129486
200,6.284484582932061,1.8,0.05,0.02,15,0.002,0.05,0.15,0.063,10.0,0.0014285714285714288,0.0013793103448275863,0.033800000000000004,12.039242496038431,167.3350951643514
201,22.807489503232034,1.8,0.06,0.02,15,0.001,0.06,0.15,0.063,10.0,0.0032142857142857142,0.002975206611570248,0.04032,52.431010352257545,349.1116556612718
202,21.46772223371671,1.8,0.06,0.02,15,0.0015,0.06,0.15,0.063,10.0,0.0026785714285714286,0.0025104602510460255,0.040619999999999996,49.351085594751055,299.48781153368753
203,18.51064503396021,1.8,0.06,0.02,15,0.002,0.06,0.15,0.063,10.0,0.002142857142857143,0.0020338983050847462,0.04092,42.55320697462117,246.74836066607753
204,27.85908774945928,2.4,0.04,0.02,15,0.001,0.04,0.15,0.063,10.0,0.0017857142857142859,0.0017094017094017094,0.02628,42.695919922542956,267.4422939855263
205,19.38692772139218,2.4,0.04,0.02,15,0.0015,0.04,0.15,0.063,10.0,0.00125,0.0012121212121212121,0.026580000000000003,29.711766622823262,192.80158102774763
206,10.71748521663099,2.4,0.04,0.02,15,0.002,0.04,0.15,0.063,10.0,0.0007142857142857144,0.0007017543859649123,0.02688,16.42526469981761,113.51386572552491
207,22.053019611884285,2.4,0.05,0.02,15,0.001,0.05,0.15,0.063,10.0,0.0025,0.002352941176470588,0.0332,42.24716400744116,368.1264517212538
208,15.382603959890345,2.4,0.05,0.02,15,0.0015,0.05,0.15,0.063,10.0,0.0019642857142857144,0.001872340425531915,0.0335,29.468589961475757,297.8169102683931
209,8.523404172282344,2.4,0.05,0.02,15,0.002,0.05,0.15,0.063,10.0,0.0014285714285714288,0.0013793103448275863,0.033800000000000004,16.32836048329951,223.11346021913516
210,27.27650383990234,2.4,0.06,0.02,15,0.001,0.06,0.15,0.063,10.0,0.0032142857142857142,0.002975206611570248,0.04032,62.70460652851112,465.4822075483624
211,26.450030311313675,2.4,0.06,0.02,15,0.0015,0.06,0.15,0.063,10.0,0.0026785714285714286,0.0025104602510460255,0.040619999999999996,60.80466738233028,399.3170820449167
212,24.00785601324556,2.4,0.06,0.02,15,0.002,0.06,0.15,0.063,10.0,0.002142857142857143,0.0020338983050847462,0.04092,55.19047359366795,328.99781422143667
213,15.066685251658315,0.6,0.04,0.02,8,0.001,0.04,0.15,0.063,10.0,0.004571428571428572,0.0041025641025641026,0.014800000000000002,23.09070536652615,158.04716835097304
214,14.542532183021203,0.6,0.04,0.02,8,0.0015,0.04,0.15,0.063,10.0,0.004,0.003636363636363637,0.014960000000000001,22.287405644476937,141.30409032978247
215,13.418822103620515,0.6,0.04,0.02,8,0.002,0.04,0.15,0.063,10.0,0.003428571428571429,0.0031578947368421056,0.015120000000000001,20.56524460324983,123.78668407773905
216,11.787185938205875,0.6,0.05,0.02,8,0.001,0.05,0.15,0.063,10.0,0.006,0.0052173913043478265,0.01892,22.580815973574474,200.99476844634614
217,11.403528885956145,0.6,0.05,0.02,8,0.0015,0.05,0.15,0.063,10.0,0.005428571428571429,0.004779874213836479,0.01908,21.845840777693766,185.73933886116058
218,10.546333814634531,0.6,0.05,0.02,8,0.002,0.05,0.15,0.063,10.0,0.004857142857142858,0.004331210191082803,0.01924,20.20370462573665,169.77961340598603
219,12.689583784243396,0.6,0.06,0.02,8,0.001,0.06,0.15,0.063,10.0,0.0074285714285714285,0.006265060240963855,0.023239999999999997,29.171456975272175,241.35516371669672
220,12.751622996596724,0.6,0.06,0.02,8,0.0015,0.06,0.15,0.063,10.0,0.006857142857142858,0.005853658536585366,0.023399999999999997,29.31407585424534,227.46512101867415
221,12.764332123948723,0.6,0.06,0.02,8,0.002,0.06,0.15,0.063,10.0,0.006285714285714285,0.005432098765432098,0.023559999999999998,29.34329223896258,212.93347302261276
222,28.116277125587246,1.8,0.04,0.02,8,0.001,0.04,0.15,0.063,10.0,0.004571428571428572,0.0041025641025641026,0.014800000000000002,43.090079885957465,474.14150505291906
223,28.341847311590982,1.8,0.04,0.02,8,0.0015,0.04,0.15,0.063,10.0,0.004,0.003636363636363637,0.014960000000000001,43.43578132044595,423.91227098934746
224,28.272414408826073,1.8,0.04,0.02,8,0.002,0.04,0.15,0.063,10.0,0.003428571428571429,0.0031578947368421056,0.015120000000000001,43.32937074149589,371.3600522332172
225,21.996330369544598,1.8,0.05,0.02,8,0.001,0.05,0.15,0.063,10.0,0.006,0.0052173913043478265,0.01892,42.13856392633065,602.9843053390383
226,22.22426400241545,1.8,0.05,0.02,8,0.0015,0.05,0.15,0.063,10.0,0.005428571428571429,0.004779874213836479,0.01908,42.57521839543189,557.2180165834819
227,22.22030501624386,1.8,0.05,0.02,8,0.002,0.05,0.15,0.063,10.0,0.004857142857142858,0.004331210191082803,0.01924,42.567634130735364,509.3388402179581
228,23.148279455343715,1.8,0.06,0.02,8,0.001,0.06,0.15,0.063,10.0,0.0074285714285714285,0.006265060240963855,0.023239999999999997,53.21443552952578,724.0654911500902
229,23.37461395959937,1.8,0.06,0.02,8,0.0015,0.06,0.15,0.063,10.0,0.006857142857142858,0.005853658536585366,0.023399999999999997,53.734744734711185,682.3953630560226
230,23.66031959625501,1.8,0.06,0.02,8,0.002,0.06,0.15,0.063,10.0,0.006285714285714285,0.005432098765432098,0.023559999999999998,54.39153930173565,638.8004190678383
231,33.07271732250902,2.4,0.04,0.02,8,0.001,0.04,0.15,0.063,10.0,0.004571428571428572,0.0041025641025641026,0.014800000000000002,50.68615681610578,632.1886734038922
232,33.45253627219757,2.4,0.04,0.02,8,0.0015,0.04,0.15,0.063,10.0,0.004,0.003636363636363637,0.014960000000000001,51.268254823291294,565.2163613191299
233,25.87495889046214,2.4,0.05,0.02,8,0.001,0.05,0.15,0.063,10.0,0.006,0.0052173913043478265,0.01892,49.56888676333743,803.9790737853846
234,26.231811550252942,2.4,0.05,0.02,8,0.0015,0.05,0.15,0.063,10.0,0.005428571428571429,0.004779874213836479,0.01908,50.25251254837729,742.9573554446423
235,26.385692591231678,2.4,0.05,0.02,8,0.002,0.05,0.15,0.063,10.0,0.004857142857142858,0.004331210191082803,0.01924,50.54730381462007,679.1184536239441
236,27.293809891041477,2.4,0.06,0.02,8,0.001,0.06,0.15,0.063,10.0,0.0074285714285714285,0.006265060240963855,0.023239999999999997,62.74439055411833,965.4206548667869
237,27.619026712388376,2.4,0.06,0.02,8,0.0015,0.06,0.15,0.063,10.0,0.006857142857142858,0.005853658536585366,0.023399999999999997,63.492015430777876,909.8604840746966
238,28.02664245169222,2.4,0.06,0.02,8,0.002,0.06,0.15,0.063,10.0,0.006285714285714285,0.005432098765432098,0.023559999999999998,64.42906310733844,851.733892090451
239,13.716329600153454,0.6,0.04,0.03,10,0.001,0.04,0.15,0.063,10.0,0.003333333333333333,0.0031578947368421056,0.02628,21.02119478950721,123.51611209068386
240,11.552602333378331,0.6,0.04,0.03,10,0.0015,0.04,0.15,0.063,10.0,0.002777777777777778,0.002654867256637168,0.026580000000000003,17.7051376756756,105.57166217780428
241,8.699700637062596,0.6,0.04,0.03,10,0.002,0.04,0.15,0.063,10.0,0.0022222222222222222,0.002142857142857143,0.02688,13.332874539559533,86.6556742815391
242,10.857731178980332,0.6,0.05,0.03,10,0.001,0.05,0.15,0.063,10.0,0.0044444444444444444,0.004137931034482759,0.0332,20.800251300728604,161.84869860158574
243,6.918699975669841,0.6,0.05,0.03,10,0.002,0.05,0.15,0.063,10.0,0.0033333333333333335,0.0031578947368421056,0.033800000000000004,13.254214512777475,127.70309894121553
244,13.198694739252492,0.6,0.06,0.03,10,0.001,0.06,0.15,0.063,10.0,0.005555555555555555,0.005084745762711864,0.04032,30.341826986787332,198.88187540025365
245,13.061437846862516,0.6,0.06,0.03,10,0.0015,0.06,0.15,0.063,10.0,0.005,0.004615384615384615,0.040619999999999996,30.026293900833366,183.53227424756741
246,12.672189400664044,0.6,0.06,0.03,10,0.002,0.06,0.15,0.063,10.0,0.004444444444444444,0.004137931034482758,0.04092,29.131469886584004,167.33509516435134
247,28.4497062431371,1.8,0.04,0.03,10,0.001,0.04,0.15,0.063,10.0,0.003333333333333333,0.0031578947368421056,0.02628,43.60108236496107,370.5483362720517
248,28.04414599831214,1.8,0.04,0.03,10,0.0015,0.04,0.15,0.063,10.0,0.002777777777777778,0.002654867256637168,0.026580000000000003,42.9795340970301,316.71498653341285
249,25.94267464958284,1.8,0.04,0.03,10,0.002,0.04,0.15,0.063,10.0,0.0022222222222222222,0.002142857142857143,0.02688,39.7588883518511,259.96702284461736
250,22.519339041540956,1.8,0.05,0.03,10,0.001,0.05,0.15,0.063,10.0,0.0044444444444444444,0.004137931034482759,0.0332,43.140496248162755,485.54609580475733
251,22.25169441413696,1.8,0.05,0.03,10,0.0015,0.05,0.15,0.063,10.0,0.003888888888888889,0.0036521739130434784,0.0335,42.62776707689073,435.68965973552974
252,20.631696417485347,1.8,0.05,0.03,10,0.002,0.05,0.15,0.063,10.0,0.0033333333333333335,0.0031578947368421056,0.033800000000000004,39.52432263886082,383.1092968236467
253,23.842084027087118,1.8,0.06,0.03,10,0.001,0.06,0.15,0.063,10.0,0.005555555555555555,0.005084745762711864,0.04032,54.80938856801636,596.6456262007611
254,24.32514336596472,1.8,0.06,0.03,10,0.0015,0.06,0.15,0.063,10.0,0.005,0.004615384615384615,0.040619999999999996,55.91986980681544,550.5968227427023
255,24.65529747434394,1.8,0.06,0.03,10,0.002,0.06,0.15,0.063,10.0,0.004444444444444444,0.004137931034482758,0.04092,56.67884476860676,502.00528549305403
256,33.50113018597489,2.4,0.04,0.03,10,0.001,0.04,0.15,0.063,10.0,0.003333333333333333,0.0031578947368421056,0.02628,51.34272825436764,494.06444836273545
257,33.490963832871174,2.4,0.04,0.03,10,0.0015,0.04,0.15,0.063,10.0,0.002777777777777778,0.002654867256637168,0.026580000000000003,51.32714763658417,422.28664871121714
258,32.01353643625553,2.4,0.04,0.03,10,0.002,0.04,0.15,0.063,10.0,0.0022222222222222222,0.002142857142857143,0.02688,49.06289109004678,346.6226971261564
259,26.51921296403297,2.4,0.05,0.03,10,0.001,0.05,0.15,0.063,10.0,0.0044444444444444444,0.004137931034482759,0.0332,50.80308996941182,647.394794406343
260,26.573484993581715,2.4,0.05,0.03,10,0.0015,0.05,0.15,0.063,10.0,0.003888888888888889,0.0036521739130434784,0.0335,50.907059374677615,580.9195463140395
261,25.45945926393251,2.4,0.05,0.03,10,0.002,0.05,0.15,0.063,10.0,0.0033333333333333335,0.0031578947368421056,0.033800000000000004,48.77291046730366,510.8123957648621
262,27.956537260270416,2.4,0.06,0.03,10,0.001,0.06,0.15,0.063,10.0,0.005555555555555555,0.005084745762711864,0.04032,64.26790174774808,795.5275016010146
263,28.636049315820088,2.4,0.06,0.03,10,0.0015,0.06,0.15,0.063,10.0,0.005,0.004615384615384615,0.040619999999999996,65.82999842717261,734.1290969902697
264,29.152919681219654,2.4,0.06,0.03,10,0.002,0.06,0.15,0.063,10.0,0.004444444444444444,0.004137931034482758,0.04092,67.01820616372333,669.3403806574054
265,6.08034685744353,0.6,0.04,0.03,15,0.001,0.04,0.15,0.063,10.0,0.0017857142857142859,0.0017341040462427748,0.03857999999999999,9.318539245124184,68.95721286758315
266,3.869166039049972,0.6,0.04,0.03,15,0.0015,0.04,0.15,0.063,10.0,0.00125,0.0012244897959183673,0.039029999999999995,5.92975638168578,49.94075489729725
267,2.5310130190934244,0.6,0.04,0.03,15,0.002,0.04,0.15,0.063,10.0,0.0007142857142857144,0.0007058823529411766,0.039479999999999994,3.8789471556987345,29.546991519732224
268,4.836753282073392,0.6,0.05,0.03,15,0.001,0.05,0.15,0.063,10.0,0.0025,0.0024,0.0485,9.265810885198068,95.43678260873506
269,3.08507816080009,0.6,0.05,0.03,15,0.0015,0.05,0.15,0.063,10.0,0.0019642857142857144,0.0019020172910662824,0.04895000000000001,5.91011141915726,77.57367979724272
270,2.0227651522290073,0.6,0.05,0.03,15,0.002,0.05,0.15,0.063,10.0,0.0014285714285714288,0.0013953488372093026,0.049400000000000006,3.8750290272586345,58.40684370179625
271,9.771167906631364,0.6,0.06,0.03,15,0.001,0.06,0.15,0.063,10.0,0.0032142857142857142,0.0030508474576271187,0.05861999999999999,22.462454957773247,121.31794399415475
272,7.903381088342581,0.6,0.06,0.03,15,0.0015,0.06,0.15,0.063,10.0,0.0026785714285714286,0.0025641025641025637,0.05907,18.16869215710938,104.57679444305835
273,6.055196548835801,0.6,0.06,0.03,15,0.002,0.06,0.15,0.063,10.0,0.002142857142857143,0.0020689655172413794,0.059519999999999997,13.919992066289195,86.60325100611168
274,21.781782072132618,1.8,0.04,0.03,15,0.001,0.04,0.15,0.063,10.0,0.0017857142857142859,0.0017341040462427748,0.03857999999999999,33.382041489858416,206.87163860274944
275,13.78655681894062,1.8,0.04,0.03,15,0.0015,0.04,0.15,0.063,10.0,0.00125,0.0012244897959183673,0.039029999999999995,21.128822711020106,149.82226469189177
276,7.096856979286083,1.8,0.04,0.03,15,0.002,0.04,0.15,0.063,10.0,0.0007142857142857144,0.0007058823529411766,0.039479999999999994,10.876409163656831,88.64097455919666
277,17.32682499812031,1.8,0.05,0.03,15,0.001,0.05,0.15,0.063,10.0,0.0025,0.0024,0.0485,33.19315133739523,286.3103478262052
278,10.992706160831144,1.8,0.05,0.03,15,0.0015,0.05,0.15,0.063,10.0,0.0019642857142857144,0.0019020172910662824,0.04895000000000001,21.058824062894914,232.72103939172814
279,5.67175074950621,1.8,0.05,0.03,15,0.002,0.05,0.15,0.063,10.0,0.0014285714285714288,0.0013953488372093026,0.049400000000000006,10.86542289177435,175.22053110538874
280,23.43235887908754,1.8,0.06,0.03,15,0.001,0.06,0.15,0.063,10.0,0.0032142857142857142,0.0030508474576271187,0.05861999999999999,53.86749167606331,363.9538319824643
281,22.580534877697396,1.8,0.06,0.03,15,0.0015,0.06,0.15,0.063,10.0,0.0026785714285714286,0.0025641025641025637,0.05907,51.90927558091355,313.7303833291751
282,19.848221087467877,1.8,0.06,0.03,15,0.002,0.06,0.15,0.063,10.0,0.002142857142857143,0.0020689655172413794,0.059519999999999997,45.62809445394914,259.809753018335
283,28.393269363855993,2.4,0.04,0.03,15,0.001,0.04,0.15,0.063,10.0,0.0017857142857142859,0.0017341040462427748,0.03857999999999999,43.51458906338083,275.8288514703326
284,19.39058218268858,2.4,0.04,0.03,15,0.0015,0.04,0.15,0.063,10.0,0.00125,0.0012244897959183673,0.039029999999999995,29.717367329790925,199.763019589189
285,9.768925820127174,2.4,0.04,0.03,15,0.002,0.04,0.15,0.063,10.0,0.0007142857142857144,0.0007058823529411766,0.039479999999999994,14.971533823949693,118.1879660789289
286,22.586086288203138,2.4,0.05,0.03,15,0.001,0.05,0.15,0.063,10.0,0.0025,0.0024,0.0485,43.268364536787615,381.74713043494023
287,15.461373419736187,2.4,0.05,0.03,15,0.0015,0.05,0.15,0.063,10.0,0.0019642857142857144,0.0019020172910662824,0.04895000000000001,29.61948930983944,310.2947191889709
288,7.823271975807399,2.4,0.05,0.03,15,0.002,0.05,0.15,0.063,10.0,0.0014285714285714288,0.0013953488372093026,0.049400000000000006,14.987111064765132,233.627374807185
289,27.917423325742075,2.4,0.06,0.03,15,0.001,0.06,0.15,0.063,10.0,0.0032142857142857142,0.0030508474576271187,0.05861999999999999,64.17798465687832,485.271775976619
290,27.557471637777024,2.4,0.06,0.03,15,0.0015,0.06,0.15,0.063,10.0,0.0026785714285714286,0.0025641025641025637,0.05907,63.35050951213108,418.3071777722334
291,25.541291878435693,2.4,0.06,0.03,15,0.002,0.06,0.15,0.063,10.0,0.002142857142857143,0.0020689655172413794,0.059519999999999997,58.715613513645266,346.4130040244467
292,15.705256537730454,0.6,0.04,0.03,8,0.001,0.04,0.15,0.063,10.0,0.004571428571428572,0.0042477876106194684,0.02136,24.069358678514106,165.06318516399364
293,15.240340514086958,0.6,0.04,0.03,8,0.0015,0.04,0.15,0.063,10.0,0.004,0.00375,0.0216,23.356843699750126,147.64353745163223
294,14.122629949317604,0.6,0.04,0.03,8,0.002,0.04,0.15,0.063,10.0,0.003428571428571429,0.003243243243243243,0.021840000000000002,21.643877316961845,129.3999583414106
295,12.397223157958821,0.6,0.05,0.03,8,0.001,0.05,0.15,0.063,10.0,0.006,0.005454545454545454,0.02708,23.74946965126211,211.95613549467365
296,12.049984768249645,0.6,0.05,0.03,8,0.0015,0.05,0.15,0.063,10.0,0.005428571428571429,0.004978165938864629,0.027320000000000004,23.084262008141085,195.99840779605327
297,11.191903416089731,0.6,0.05,0.03,8,0.002,0.05,0.15,0.063,10.0,0.004857142857142858,0.004493392070484582,0.02756,21.4404280001719,179.27879690913502
298,13.285291362708442,0.6,0.06,0.03,8,0.001,0.06,0.15,0.063,10.0,0.0074285714285714285,0.006610169491525424,0.032999999999999995,30.54089968438722,256.8620964045621
299,13.415859303282945,0.6,0.06,0.03,8,0.0015,0.06,0.15,0.063,10.0,0.006857142857142858,0.006153846153846155,0.03324,30.84105586961596,242.28683068985802
300,13.49415294760811,0.6,0.06,0.03,8,0.002,0.06,0.15,0.063,10.0,0.006285714285714285,0.0056896551724137925,0.033479999999999996,31.021041258869218,227.00768553859533
301,28.60868568318696,1.8,0.04,0.03,8,0.001,0.04,0.15,0.063,10.0,0.004571428571428572,0.0042477876106194684,0.02136,43.84472901637847,495.18955549198097
302,28.986452406296774,1.8,0.04,0.03,8,0.0015,0.04,0.15,0.063,10.0,0.004,0.00375,0.0216,44.42368184873069,442.93061235489665
303,29.05620223758287,1.8,0.04,0.03,8,0.002,0.04,0.15,0.063,10.0,0.003428571428571429,0.003243243243243243,0.021840000000000002,44.53057814188945,388.19987502423197
304,22.566969133463147,1.8,0.05,0.03,8,0.001,0.05,0.15,0.063,10.0,0.006,0.005454545454545454,0.02708,43.23174163498687,635.868406484021
305,22.91853713233093,1.8,0.05,0.03,8,0.0015,0.05,0.15,0.063,10.0,0.005428571428571429,0.004978165938864629,0.027320000000000004,43.905243548526684,587.9952233881598
306,23.02646251076705,1.8,0.05,0.03,8,0.002,0.05,0.15,0.063,10.0,0.004857142857142858,0.004493392070484582,0.02756,44.11199714706331,537.8363907274052
307,23.563712425252174,1.8,0.06,0.03,8,0.001,0.06,0.15,0.063,10.0,0.0074285714285714285,0.006610169491525424,0.032999999999999995,54.16945385115442,770.5862892136865
308,23.967382437830597,1.8,0.06,0.03,8,0.0015,0.06,0.15,0.063,10.0,0.006857142857142858,0.006153846153846155,0.03324,55.09743089156459,726.8604920695742
309,24.399366198056775,1.8,0.06,0.03,8,0.002,0.06,0.15,0.063,10.0,0.006285714285714285,0.0056896551724137925,0.033479999999999996,56.09049700702707,681.0230566157861
310,33.49009153652106,2.4,0.04,0.03,8,0.001,0.04,0.15,0.063,10.0,0.004571428571428572,0.0042477876106194684,0.02136,51.32581078394031,660.2527406559745
311,34.08887802111105,2.4,0.04,0.03,8,0.0015,0.04,0.15,0.063,10.0,0.004,0.00375,0.0216,52.24349122009356,590.5741498065289
312,34.407710472516136,2.4,0.04,0.03,8,0.002,0.04,0.15,0.063,10.0,0.003428571428571429,0.003243243243243243,0.021840000000000002,52.73212332952664,517.5998333656424
313,26.417496782303587,2.4,0.05,0.03,8,0.001,0.05,0.15,0.063,10.0,0.006,0.005454545454545454,0.02708,50.60823138372335,847.8245419786946
314,26.952840098383945,2.4,0.05,0.03,8,0.0015,0.05,0.15,0.063,10.0,0.005428571428571429,0.004978165938864629,0.027320000000000004,51.63379329192326,783.9936311842131
315,27.267426375905778,2.4,0.05,0.03,8,0.002,0.05,0.15,0.063,10.0,0.004857142857142858,0.004493392070484582,0.02756,52.23644899598808,717.1151876365401
316,27.63761940651294,2.4,0.06,0.03,8,0.001,0.06,0.15,0.063,10.0,0.0074285714285714285,0.006610169491525424,0.032999999999999995,63.53475725635158,1027.4483856182485
317,28.170260202404133,2.4,0.06,0.03,8,0.0015,0.06,0.15,0.063,10.0,0.006857142857142858,0.006153846153846155,0.03324,64.75921885610146,969.1473227594321
318,28.773384435969458,2.4,0.06,0.03,8,0.002,0.06,0.15,0.063,10.0,0.006285714285714285,0.0056896551724137925,0.033479999999999996,66.14571134705622,908.0307421543813
319,36.97950825674342,2.0,0.02,0.006999999999999999,3,0.0015,0.02,0.2,0.3,10.0,0.00775,0.004988505747126437,0.001343,28.336787936201855,630.0754172804893
320,37.08142292309774,2.0,0.02,0.006999999999999999,3,0.002,0.02,0.2,0.3,10.0,0.007,0.004666666666666667,0.0013639999999999998,28.41488346597528,589.5286120576693
321,24.704669394470724,1.0,0.02,0.006999999999999999,4,0.002,0.02,0.2,0.3,10.0,0.004,0.003111111111111111,0.0016719999999999999,18.930781145188295,196.5554324133287
322,37.06128451771987,2.0,0.02,0.006999999999999999,4,0.0015,0.02,0.2,0.3,10.0,0.004666666666666667,0.0035,0.001644,28.399451737716376,442.1464590432519
323,46.94647840782734,3.0,0.02,0.006999999999999999,4,0.001,0.02,0.2,0.3,10.0,0.005333333333333333,0.0038620689655172414,0.001616,35.97431295618953,731.6577821277139
324,47.15760889287778,3.0,0.02,0.006999999999999999,4,0.0015,0.02,0.2,0.3,10.0,0.004666666666666667,0.0035,0.001644,36.13609876848872,663.219688564878
325,37.07644072043722,2.0,0.02,0.006999999999999999,5,0.0015,0.02,0.2,0.3,10.0,0.003125,0.0025547445255474457,0.0019450000000000001,28.41106568615879,322.79116966171796
326,47.27717256717765,3.0,0.02,0.006999999999999999,5,0.0015,0.02,0.2,0.3,10.0,0.003125,0.0025547445255474457,0.0019450000000000001,36.22771844228172,484.186754492577
327,47.095683854849206,3.0,0.02,0.006999999999999999,6,0.001,0.02,0.2,0.3,10.0,0.0028,0.0023333333333333335,0.0022040000000000002,36.088646632068354,442.1464590432519
328,21.3128307738863,1.0,0.02,0.006999999999999999,7,0.001,0.02,0.2,0.3,10.0,0.002166666666666667,0.0018762886597938147,0.0024980000000000002,16.331671091100613,118.52732174131174
329,19.090158932441117,2.0,0.1,0.1,12,0.0015,0.1,0.2,0.3,10.0,0.007454545454545455,0.007186678352322525,0.2538,73.14237138866328,935.298995785615
330,12.444260251108988,1.0,0.1,0.1,17,0.002,0.1,0.2,0.3,10.0,0.004125,0.004041641151255358,0.35700000000000004,47.67915805022601,270.4310589032442
331,12.245950405434725,1.0,0.1,0.1,18,0.0015,0.1,0.2,0.3,10.0,0.004294117647058824,0.004203858335732796,0.37560000000000004,46.919350212393574,277.8489114000732
332,18.93400013236549,2.0,0.1,0.1,18,0.0015,0.1,0.2,0.3,10.0,0.004294117647058824,0.004203858335732796,0.37560000000000004,72.54406180982947,555.6978228001464
333,24.858498514421356,3.0,0.1,0.1,9,0.002,0.1,0.2,0.3,10.0,0.01025,0.009750297265160524,0.19380000000000003,95.2432893272849,1903.4057446933175
334,26.717093047610412,1.0,0.02,0.013000000000000001,3,0.0015,0.02,0.2,0.3,10.0,0.00775,0.005970370370370371,0.002117000000000001,20.472868235716792,377.2149665571221
335,26.72211166630847,1.0,0.02,0.013000000000000001,3,0.002,0.02,0.2,0.3,10.0,0.007,0.005515151515151516,0.0021560000000000004,20.476713920542892,348.5671029784163
336,39.34880250912393,2.0,0.02,0.013000000000000001,4,0.002,0.02,0.2,0.3,10.0,0.004,0.0034666666666666665,0.0027280000000000004,30.152339087451285,438.3888595306135
337,50.05200913981286,3.0,0.02,0.013000000000000001,4,0.001,0.02,0.2,0.3,10.0,0.005333333333333333,0.004425531914893617,0.0026240000000000005,38.35402999219376,838.7398588493385
338,50.258544651886616,3.0,0.02,0.013000000000000001,4,0.0015,0.02,0.2,0.3,10.0,0.004666666666666667,0.003956521739130436,0.002676000000000001,38.512294752403534,750.1770259752874
339,26.530305967441414,1.0,0.02,0.013000000000000001,5,0.0015,0.02,0.2,0.3,10.0,0.003125,0.002789699570815451,0.0032350000000000005,20.329736373518323,176.37122724135435
340,49.6533479211773,3.0,0.02,0.013000000000000001,7,0.001,0.02,0.2,0.3,10.0,0.002166666666666667,0.002,0.004262000000000001,38.04854246833509,379.292651826441
341,24.672633894545317,2.0,0.06,0.02,11,0.0015,0.06,0.2,0.3,10.0,0.00435,0.003923337091319053,0.03078,56.71869860815015,498.0177604935656
342,24.4619653320418,2.0,0.06,0.02,11,0.002,0.06,0.2,0.3,10.0,0.0038,0.0034703196347031966,0.030999999999999996,56.23440306216505,441.3265275512406
343,32.10483046026197,3.0,0.06,0.02,11,0.002,0.06,0.2,0.3,10.0,0.0038,0.0034703196347031966,0.030999999999999996,73.80420795462521,661.989791326861
344,23.097251002102013,2.0,0.06,0.02,14,0.0015,0.06,0.2,0.3,10.0,0.0029999999999999996,0.0027906976744186043,0.038160000000000006,53.09712874046439,354.77869861542814
345,27.79820999985886,1.0,0.02,0.02,3,0.0015,0.02,0.2,0.3,10.0,0.00775,0.006492146596858639,0.0030200000000000005,21.30131034471943,410.39706612063407
346,40.64200474538201,2.0,0.02,0.02,3,0.0015,0.02,0.2,0.3,10.0,0.00775,0.006492146596858639,0.0030200000000000005,31.14329865546514,820.7941322412681
347,51.56378713667665,3.0,0.02,0.02,3,0.0015,0.02,0.2,0.3,10.0,0.00775,0.006492146596858639,0.0030200000000000005,39.51248056450318,1231.1911983619023
348,40.614319191536474,2.0,0.02,0.02,4,0.002,0.02,0.2,0.3,10.0,0.004,0.003636363636363637,0.00396,31.12208367167546,460.2787935154403
349,51.60523992473394,3.0,0.02,0.02,4,0.001,0.02,0.2,0.3,10.0,0.005333333333333333,0.004705882352941176,0.0038000000000000004,39.54424515305282,892.2894635305997
350,27.53495137987854,1.0,0.02,0.02,5,0.0015,0.02,0.2,0.3,10.0,0.003125,0.0028985507246376808,0.004740000000000001,21.099579601439494,183.41379598973478
351,27.058040867001093,1.0,0.02,0.02,6,0.001,0.02,0.2,0.3,10.0,0.0028,0.002616822429906542,0.0054800000000000005,20.734130932567886,165.50370142974606
352,24.762434451899846,2.0,0.06,0.02,6,0.002,0.06,0.2,0.3,10.0,0.009600000000000001,0.007741935483870969,0.0186,56.925136671034124,981.260244343838
353,32.12180404398578,3.0,0.06,0.02,6,0.002,0.06,0.2,0.3,10.0,0.009600000000000001,0.007741935483870969,0.0186,73.84322768732363,1471.890366515757
354,50.86958654916024,3.0,0.02,0.02,7,0.001,0.02,0.2,0.3,10.0,0.002166666666666667,0.002055335968379447,0.006320000000000001,38.98052609131052,390.10598539875434
355,24.979116192785288,2.0,0.06,0.02,9,0.002,0.06,0.2,0.3,10.0,0.0052499999999999995,0.004640883977900552,0.026039999999999997,57.42325561559835,589.397543077588
356,20.8357619428296,2.0,0.1,0.033,12,0.0015,0.1,0.2,0.3,10.0,0.007454545454545455,0.006698019801980199,0.09058800000000003,79.83050552808275,854.0068633847939
357,21.005749929568378,2.0,0.1,0.033,14,0.002,0.1,0.2,0.3,10.0,0.005538461538461539,0.005109677419354839,0.10444800000000001,80.48180049643057,655.1302399165806
358,26.580478750471038,3.0,0.1,0.033,18,0.0015,0.1,0.2,0.3,10.0,0.004294117647058824,0.004031799163179917,0.13078200000000004,101.8409147527626,774.9644527956053
359,24.32456876607246,3.0,0.1,0.033,23,0.0015,0.1,0.2,0.3,10.0,0.0029772727272727273,0.0028487644151565074,0.16427700000000003,93.19758147920483,549.8721376872018
360,23.132422620423004,3.0,0.1,0.033,27,0.001,0.1,0.2,0.3,10.0,0.002807692307692308,0.0026931246506428177,0.19018200000000002,88.62997172575864,517.653728949552
361,16.73896687804158,1.0,0.06,0.04,11,0.001,0.06,0.2,0.3,10.0,0.0049,0.004617196702002355,0.0574,38.48038362768179,293.5884301749651
362,24.996803721085026,2.0,0.06,0.04,11,0.001,0.06,0.2,0.3,10.0,0.0049,0.004617196702002355,0.0574,57.46391660019546,587.1768603499302
363,25.41467808537059,2.0,0.06,0.04,11,0.0015,0.06,0.2,0.3,10.0,0.00435,0.004125666864256076,0.05784,58.424547322691005,526.6133441936283
364,25.363101359575037,3.0,0.06,0.04,21,0.001,0.06,0.2,0.3,10.0,0.0019499999999999997,0.001903599755948749,0.10619999999999999,58.3059801369541,365.5813051018262
365,16.006222425137636,1.0,0.06,0.06,11,0.002,0.06,0.2,0.3,10.0,0.0038,0.0036833602584814217,0.08556,36.79591362100606,237.72198165077853
366,24.325092709851894,2.0,0.06,0.06,11,0.001,0.06,0.2,0.3,10.0,0.0049,0.004707766212970376,0.08424,55.919753355981356,600.9143710979529
367,29.196754789619565,3.0,0.06,0.06,16,0.001,0.06,0.2,0.3,10.0,0.0029333333333333334,0.0028633405639913235,0.12083999999999999,67.11897652786107,551.0146691113628
368,6.841742757040454,1.0,0.06,0.06,21,0.001,0.06,0.2,0.3,10.0,0.0019499999999999997,0.0019188191881918816,0.15744,15.728144269058514,123.713006015842
369,24.44404277533666,3.0,0.06,0.06,21,0.001,0.06,0.2,0.3,10.0,0.0019499999999999997,0.0019188191881918816,0.15744,56.19320178238311,371.139018047526
370,25.097520819671026,2.0,0.06,0.06,8,0.0015,0.06,0.2,0.3,10.0,0.006857142857142858,0.006486486486486486,0.06276,57.695450160163276,828.7939409224297
371,17.265733985827804,1.0,0.06,0.06,9,0.002,0.06,0.2,0.3,10.0,0.0052499999999999995,0.0050299401197604785,0.07068,39.69134249615586,323.30716235124817
372,25.781704261794737,2.0,0.06,0.06,9,0.002,0.06,0.2,0.3,10.0,0.0052499999999999995,0.0050299401197604785,0.07068,59.268285659298236,646.6143247024963
373,26.852591759863312,3.0,0.1,0.067,17,0.002,0.1,0.2,0.3,10.0,0.004125,0.004001809954751132,0.24255600000000002,102.88349333280964,787.6832195140906
374,12.65411641842795,1.0,0.1,0.067,18,0.001,0.1,0.2,0.3,10.0,0.004823529411764706,0.004655932203389831,0.253812,48.48320466830633,299.9085787934873
375,19.131238309773536,2.0,0.1,0.067,18,0.001,0.1,0.2,0.3,10.0,0.004823529411764706,0.004655932203389831,0.253812,73.29976363897906,599.8171575869746
376,17.836692416223514,2.0,0.1,0.067,23,0.0015,0.1,0.2,0.3,10.0,0.0029772727272727273,0.002912560146009624,0.32302300000000006,68.33981768668012,382.41146173474124
377,24.106152078666366,3.0,0.1,0.067,23,0.0015,0.1,0.2,0.3,10.0,0.0029772727272727273,0.002912560146009624,0.32302300000000006,92.3607359335876,573.6171926021119
378,11.340370437373211,2.0,0.1,0.067,34,0.001,0.1,0.2,0.3,10.0,0.002,0.0019705882352941176,0.470356,43.44969516234947,258.58287509300953
379,13.912877772672283,1.0,0.1,0.067,9,0.002,0.1,0.2,0.3,10.0,0.01025,0.009521663778162912,0.13321200000000002,53.30604510602408,613.3312356608579
380,20.60793477003215,2.0,0.1,0.067,9,0.002,0.1,0.2,0.3,10.0,0.01025,0.009521663778162912,0.13321200000000002,78.95760448288179,1226.6624713217159
381,26.417568778856403,3.0,0.1,0.067,9,0.002,0.1,0.2,0.3,10.0,0.01025,0.009521663778162912,0.13321200000000002,101.21673861630806,1839.9937069825737
382,16.463732341125667,2.0,0.1,0.033,12,0.0015,0.05,0.15,0.13,10.0,0.0029090909090909093,0.002786279683377309,0.08568800000000001,63.07943425718646,362.78862400122
383,15.718991814181155,2.0,0.1,0.033,14,0.001,0.05,0.15,0.13,10.0,0.0027692307692307695,0.002657718120805369,0.098624,60.22602227655615,343.6498832845766
384,11.439969406272102,2.0,0.1,0.033,17,0.001,0.05,0.15,0.13,10.0,0.0020625,0.0020000000000000005,0.11862200000000002,43.8313004071728,259.9570244975213
385,20.819873485428065,2.0,0.1,0.033,7,0.002,0.05,0.15,0.13,10.0,0.006000000000000001,0.0055000000000000005,0.05242400000000001,79.76963021236806,711.164341797249
386,27.117456180855758,3.0,0.1,0.033,7,0.002,0.05,0.15,0.13,10.0,0.006000000000000001,0.0055000000000000005,0.05242400000000001,103.89829954350866,1066.7465126958734
387,12.822221670471375,1.0,0.1,0.033,9,0.001,0.05,0.15,0.13,10.0,0.005125,0.004755711775043936,0.06529400000000002,49.12728609376006,304.82111967049144
388,11.400310308349642,1.0,0.1,0.033,9,0.002,0.05,0.15,0.13,10.0,0.004,0.0037714285714285714,0.06588800000000002,43.67934984042008,245.53015802939703
389,19.973771365552146,2.0,0.1,0.033,9,0.0015,0.05,0.15,0.13,10.0,0.004562500000000001,0.004267493356953057,0.06559100000000001,76.52785963813082,551.3201965469922
390,25.957914547935975,3.0,0.1,0.033,9,0.001,0.05,0.15,0.13,10.0,0.005125,0.004755711775043936,0.06529400000000002,99.45561129477385,914.4633590114743
391,12.043468151246554,1.0,0.1,0.033,12,0.0015,0.067,0.2,0.13,10.0,0.004454545454545455,0.004172903225806452,0.08742200000000001,46.14355613504427,269.55001849912634
392,12.599132015633732,1.0,0.1,0.033,12,0.001,0.067,0.2,0.13,10.0,0.005000000000000001,0.004647887323943663,0.087026,48.27253645836679,297.9100259232389
393,19.836654291653502,2.0,0.1,0.033,12,0.001,0.067,0.2,0.13,10.0,0.005000000000000001,0.004647887323943663,0.087026,76.00250686457281,595.8200518464778
394,19.102618487657093,2.0,0.1,0.033,12,0.002,0.067,0.2,0.13,10.0,0.00390909090909091,0.003690507152145644,0.08781800000000001,73.19010914811147,480.5239113579227
395,25.607225788565362,3.0,0.1,0.033,12,0.002,0.067,0.2,0.13,10.0,0.00390909090909091,0.003690507152145644,0.08781800000000001,98.11197620139986,720.7858670368842
396,8.106713192940184,1.0,0.1,0.033,16,0.0015,0.067,0.2,0.13,10.0,0.002866666666666667,0.002747337850919652,0.11421800000000001,31.060203804368523,178.85909382102741
397,16.047184090147127,2.0,0.1,0.033,18,0.001,0.067,0.2,0.13,10.0,0.002882352941176471,0.0027617421007685742,0.12702200000000002,61.48346394692386,356.79122858552165
398,16.62460747520301,3.0,0.1,0.033,23,0.001,0.067,0.2,0.13,10.0,0.002,0.0019411764705882352,0.16035200000000002,63.695814081237586,378.6317799230298
399,13.607507498612645,1.0,0.1,0.033,6,0.002,0.067,0.2,0.13,10.0,0.011000000000000001,0.00942857142857143,0.04742600000000001,52.13604405598714,604.331766872856
400,26.875079562019902,3.0,0.1,0.033,6,0.002,0.067,0.2,0.13,10.0,0.011000000000000001,0.00942857142857143,0.04742600000000001,102.96965349432914,1812.995300618568
401,13.570648480264465,1.0,0.1,0.033,8,0.0015,0.067,0.2,0.13,10.0,0.007857142857142858,0.007021276595744683,0.06062600000000001,51.99482176346539,450.0342944797864
402,20.670298574024095,2.0,0.1,0.033,9,0.002,0.067,0.2,0.13,10.0,0.006125,0.005604852686308492,0.06762200000000002,79.19654626062872,724.0945037671504
403,12.903471112957215,1.0,0.06,0.04,10,0.0015,0.04,0.12,0.16,10.0,0.002777777777777778,0.0026845637583892616,0.0518,29.663151983809684,174.91457778370693
404,31.20296131239421,3.0,0.06,0.04,10,0.0015,0.04,0.12,0.16,10.0,0.002777777777777778,0.0026845637583892616,0.0518,71.7309455457338,524.7437333511208
405,23.57192109729113,2.0,0.06,0.04,11,0.001,0.04,0.12,0.16,10.0,0.0029000000000000002,0.0027985524728588664,0.05628,54.188324361588805,361.5728757185089
406,33.243368963491974,3.0,0.06,0.04,4,0.002,0.04,0.12,0.16,10.0,0.010666666666666666,0.009411764705882352,0.022439999999999998,76.42153784710798,1812.4062594831705
407,26.38808523159846,2.0,0.06,0.04,6,0.002,0.04,0.12,0.16,10.0,0.0056,0.005233644859813084,0.03236,60.66226490022633,677.6315652385092
408,33.06932899394351,3.0,0.06,0.04,8,0.0015,0.04,0.12,0.16,10.0,0.004,0.0038095238095238095,0.04196,76.02144596308851,739.8630355155151
409,25.93378927958357,2.0,0.06,0.04,12,0.002,0.09,0.27,0.16,10.0,0.006,0.005581395348837209,0.06522,59.617906389847285,720.6039158013822
410,16.78065577362371,1.0,0.06,0.04,16,0.0015,0.09,0.27,0.16,10.0,0.0044,0.004170616113744076,0.08442,38.57622016924991,269.23037296528736
411,30.389430143683033,3.0,0.06,0.04,24,0.001,0.09,0.27,0.16,10.0,0.0028695652173913043,0.002770199370409234,0.12281999999999998,69.86075895099547,536.4831881018687
412,17.762946471309686,2.0,0.06,0.04,31,0.001,0.09,0.27,0.16,10.0,0.0019666666666666665,0.001919479463196421,0.15697999999999998,40.83435970416019,249.4742533719302
413,25.585360254856052,2.0,0.06,0.04,8,0.002,0.09,0.27,0.16,10.0,0.01057142857142857,0.009337539432176654,0.045380000000000004,58.81692012610586,1196.488615586916
414,8.333696695575634,1.0,0.06,0.04,11,0.001,0.03,0.09,0.16,10.0,0.0019,0.001855921855921856,0.05566,19.157923438104906,120.83722929623023
415,17.73906658974759,1.0,0.06,0.04,3,0.002,0.03,0.09,0.16,10.0,0.012,0.010434782608695653,0.01686,40.7794634247071,669.8023132872587
416,33.3815662152411,3.0,0.06,0.04,3,0.002,0.03,0.09,0.16,10.0,0.012,0.010434782608695653,0.01686,76.73923267871517,2009.4069398617762
417,17.57319412669081,1.0,0.06,0.04,4,0.0015,0.03,0.09,0.16,10.0,0.008,0.007272727272727274,0.02166,40.39814741768003,466.8319153214228
418,26.39590614372228,2.0,0.06,0.04,5,0.002,0.03,0.09,0.16,10.0,0.004999999999999999,0.004705882352941176,0.02678,60.680244008556954,611.0398246257548
419,16.193464575479656,1.0,0.06,0.04,6,0.002,0.03,0.09,0.16,10.0,0.0036,0.003444976076555024,0.03174,37.22635534593024,224.94350910678358
420,23.083426157497673,2.0,0.06,0.06,11,0.001,0.04,0.12,0.2,10.0,0.0029000000000000002,0.002831570382424736,0.08312,53.06534748850039,367.5629643622942
421,30.068690956691295,3.0,0.06,0.06,11,0.001,0.04,0.12,0.2,10.0,0.0029000000000000002,0.002831570382424736,0.08312,69.12342748664665,551.3444465434413
422,25.743830548473962,3.0,0.06,0.06,14,0.001,0.04,0.12,0.2,10.0,0.002,0.0019672131147540984,0.10507999999999999,59.18121965166427,386.01959531589665
423,17.394827818820197,1.0,0.06,0.06,4,0.002,0.04,0.12,0.2,10.0,0.010666666666666666,0.009795918367346938,0.03236,39.98810992832228,630.9327635227058
424,17.026452712671688,1.0,0.06,0.06,7,0.002,0.04,0.12,0.2,10.0,0.004333333333333334,0.00418230563002681,0.05467999999999999,39.141270603842955,273.559909817253
425,16.512909560676526,1.0,0.06,0.06,8,0.0015,0.04,0.12,0.2,10.0,0.004,0.003870967741935484,0.06163999999999999,37.96071163373914,251.89051633156257
426,24.912869265659733,2.0,0.06,0.06,8,0.001,0.04,0.12,0.2,10.0,0.004571428571428572,0.004403669724770642,0.06115999999999999,57.270963829102826,567.260649772708
427,33.302708502433475,3.0,0.06,0.06,12,0.002,0.09,0.27,0.2,10.0,0.006,0.005714285714285713,0.09498,76.55795058030684,1111.6948864124388
428,16.702891348767725,1.0,0.06,0.06,16,0.0015,0.09,0.27,0.2,10.0,0.0044,0.004244372990353698,0.12377999999999999,38.39745137647752,275.24278538185786
429,30.976191122539312,3.0,0.06,0.06,21,0.0015,0.09,0.27,0.2,10.0,0.0029249999999999996,0.002855399633923124,0.16068,71.20963476445817,560.3054406690165
430,17.06369629673796,1.0,0.06,0.06,8,0.002,0.09,0.27,0.2,10.0,0.01057142857142857,0.009715536105032821,0.06522,39.226888038478066,624.3397888273904
431,24.946968826260278,2.0,0.06,0.06,8,0.002,0.09,0.27,0.2,10.0,0.01057142857142857,0.009715536105032821,0.06522,57.34935362358684,1248.6795776547808
432,32.14513036228898,3.0,0.06,0.06,8,0.002,0.09,0.27,0.2,10.0,0.01057142857142857,0.009715536105032821,0.06522,73.89685140756087,1873.019366482171
433,17.57712575109722,1.0,0.06,0.06,3,0.002,0.03,0.09,0.2,10.0,0.012,0.010909090909090908,0.0243,40.407185634706245,702.6296684684679
434,17.651080044761876,1.0,0.06,0.06,4,0.0015,0.03,0.09,0.2,10.0,0.008,0.0075,0.0315,40.57719550519971,483.05789707207174
435,17.744224967756775,1.0,0.06,0.06,5,0.002,0.03,0.09,0.2,10.0,0.004999999999999999,0.004799999999999999,0.03918,40.791321764958106,313.4212893554517
436,26.490608801217128,2.0,0.06,0.06,5,0.002,0.03,0.09,0.2,10.0,0.004999999999999999,0.004799999999999999,0.03918,60.8979512671658,626.8425787109034
437,17.194417133319185,1.0,0.06,0.06,6,0.001,0.03,0.09,0.2,10.0,0.0048000000000000004,0.004615384615384616,0.0459,39.52739570877973,297.26639819819803
438,25.9138326087626,2.0,0.06,0.06,6,0.0015,0.03,0.09,0.2,10.0,0.0042,0.004057971014492754,0.04626,59.57202898566114,528.1182806178654
439,25.195233636712597,2.0,0.06,0.06,6,0.001,0.03,0.09,0.2,10.0,0.0048000000000000004,0.004615384615384616,0.0459,57.92007732577608,594.5327963963961
440,24.878909340188105,2.0,0.06,0.06,7,0.0015,0.03,0.09,0.2,10.0,0.0032499999999999994,0.003164300202839756,0.05364,57.19289503491518,413.9466383847275
441,7.7668253906279965,1.0,0.1,0.1,12,0.0015,0.05,0.15,0.2,10.0,0.0029090909090909093,0.0028673835125448033,0.24890000000000004,29.757951688229873,192.54042619512663
442,19.84567180579275,3.0,0.1,0.1,14,0.001,0.05,0.15,0.2,10.0,0.0027692307692307695,0.002731411229135053,0.2881000000000001,76.0370567271753,542.5347562646101
443,4.359397211739213,1.0,0.1,0.1,17,0.001,0.05,0.15,0.2,10.0,0.0020625,0.0020414475719146307,0.34870000000000007,16.702671309345643,136.59570652304296
444,10.323456047715691,2.0,0.1,0.1,17,0.001,0.05,0.15,0.2,10.0,0.0020625,0.0020414475719146307,0.34870000000000007,39.55347144718655,273.1914130460859
445,25.930460276453683,3.0,0.1,0.1,5,0.002,0.05,0.15,0.2,10.0,0.01,0.009523809523809523,0.1073,99.35042251514821,1865.6029128300702
446,24.81611038754366,3.0,0.1,0.1,6,0.0015,0.05,0.15,0.2,10.0,0.0082,0.007877041306436119,0.12710000000000002,95.08088271089524,1537.717801428511
447,13.573213235827474,1.0,0.1,0.1,7,0.002,0.05,0.15,0.2,10.0,0.006000000000000001,0.005825242718446603,0.1481,52.00464841313208,385.68544161637345
448,11.43276892753265,1.0,0.1,0.1,9,0.002,0.05,0.15,0.2,10.0,0.004,0.00392156862745098,0.1889,43.80371236602548,263.32734759039374
449,16.26856012423756,2.0,0.1,0.067,12,0.0015,0.05,0.15,0.2,10.0,0.0029090909090909093,0.002847277556440903,0.16851200000000002,62.331647985584524,374.4924388744746
450,7.273656389789364,1.0,0.1,0.067,14,0.001,0.05,0.15,0.2,10.0,0.0027692307692307695,0.0027131608548931385,0.19477600000000003,27.86841528654929,176.78088245038674
451,16.643803758253124,3.0,0.1,0.067,17,0.001,0.05,0.15,0.2,10.0,0.0020625,0.002031235645383556,0.235378,63.769363058441094,399.81164793893896
452,13.818425237414052,1.0,0.1,0.067,6,0.0015,0.05,0.15,0.2,10.0,0.0082,0.007727144866385373,0.08690600000000001,52.94415799775499,497.738569586941
453,20.87234190720121,2.0,0.1,0.067,7,0.002,0.05,0.15,0.2,10.0,0.006000000000000001,0.005742857142857143,0.10097600000000001,79.97065864828049,748.3724023733039
454,26.96324792344375,3.0,0.1,0.067,7,0.002,0.05,0.15,0.2,10.0,0.006000000000000001,0.005742857142857143,0.10097600000000001,103.3074633082136,1122.5586035599558
455,11.533548861724421,1.0,0.1,0.067,9,0.002,0.05,0.15,0.2,10.0,0.004,0.0038840579710144926,0.128312,44.1898423820859,255.42826673231826
456,25.843879588786503,3.0,0.1,0.067,9,0.002,0.05,0.15,0.2,10.0,0.004,0.0038840579710144926,0.128312,99.01869574247704,766.2848001969548
457,11.845285756635407,1.0,0.1,0.1,12,0.0015,0.067,0.2,0.2,10.0,0.004454545454545455,0.004357492218763895,0.250634,45.38423661546133,288.0031563211062
458,18.736125232237114,2.0,0.1,0.1,12,0.0015,0.067,0.2,0.2,10.0,0.004454545454545455,0.004357492218763895,0.250634,71.78592043002726,576.0063126422124
459,18.829942698663807,2.0,0.1,0.1,12,0.002,0.067,0.2,0.2,10.0,0.00390909090909091,0.003834150691038788,0.25183400000000006,72.1453743243824,514.9147331838908
460,23.989361451241237,3.0,0.1,0.1,12,0.0015,0.067,0.2,0.2,10.0,0.004454545454545455,0.004357492218763895,0.250634,91.91326226529209,864.0094689633186
461,22.2554910029416,3.0,0.1,0.1,12,0.001,0.067,0.2,0.2,10.0,0.005000000000000001,0.004878048780487806,0.24943400000000007,85.27008047104061,952.2690251559073
462,15.385808993564677,2.0,0.1,0.1,16,0.0015,0.067,0.2,0.2,10.0,0.002866666666666667,0.002826158396319422,0.331834,58.94945974545853,379.5444451302882
463,20.098805460956328,2.0,0.1,0.1,6,0.002,0.067,0.2,0.2,10.0,0.011000000000000001,0.01042654028436019,0.12943400000000002,77.00691747492847,1356.9457514859846
464,25.815615725352703,3.0,0.1,0.1,9,0.002,0.067,0.2,0.2,10.0,0.006125,0.005942995755003033,0.19063400000000003,98.9104050779797,1178.3852611876916
465,15.865169621571917,2.0,0.1,0.067,16,0.0015,0.067,0.2,0.2,10.0,0.002866666666666667,0.0028066244520214326,0.22465000000000004,60.78609050410696,369.14547851670164
466,22.17287200532218,3.0,0.1,0.067,16,0.0015,0.067,0.2,0.2,10.0,0.002866666666666667,0.0028066244520214326,0.22465000000000004,84.9535325874413,553.7182177750525
467,9.98171165195047,2.0,0.1,0.067,23,0.001,0.067,0.2,0.2,10.0,0.002,0.0019705882352941176,0.31831600000000004,38.24410594617038,258.7330354597311
468,20.681255153651534,2.0,0.1,0.067,6,0.002,0.067,0.2,0.2,10.0,0.011000000000000001,0.010165517241379311,0.08904200000000001,79.23852549291774,1309.6092019308546
469,20.85618409192324,2.0,0.1,0.067,9,0.002,0.067,0.2,0.2,10.0,0.006125,0.005857270294380018,0.13004600000000002,79.90875131005073,762.4031640813754
470,26.955952530674054,3.0,0.1,0.067,9,0.002,0.067,0.2,0.2,10.0,0.006125,0.005857270294380018,0.13004600000000002,103.27951161177799,1143.6047461220633
471,26.22765812352178,1.0,0.02,0.006999999999999999,11,0.001,0.04,0.12,0.03,10.0,0.0029000000000000002,0.0024023668639053257,0.004154,20.097822316874925,154.95057252136382
472,39.117407848379145,2.0,0.02,0.006999999999999999,11,0.001,0.04,0.12,0.03,10.0,0.0029000000000000002,0.0024023668639053257,0.004154,29.975025171171755,309.90114504272765
473,49.30261575011124,3.0,0.02,0.006999999999999999,14,0.001,0.04,0.12,0.03,10.0,0.002,0.0017499999999999998,0.0050360000000000005,37.779782183993284,340.65099446293215
474,49.210338165392294,3.0,0.02,0.006999999999999999,6,0.002,0.04,0.12,0.03,10.0,0.0056,0.004,0.0027679999999999996,37.709071391105205,775.5304941389163
475,49.07035502071582,3.0,0.02,0.006999999999999999,7,0.002,0.04,0.12,0.03,10.0,0.004333333333333334,0.0033090909090909095,0.0030759999999999993,37.60180461357534,644.140062257181
476,26.480154882651778,1.0,0.02,0.006999999999999999,8,0.0015,0.04,0.12,0.03,10.0,0.004,0.003111111111111111,0.003328,20.291306423487953,201.0634614434228
477,27.85240407532057,1.0,0.02,0.006999999999999999,3,0.002,0.01,0.03,0.03,10.0,0.002,0.0017499999999999998,0.001184,21.342838371893155,115.86633475225216
478,42.44886550179435,2.0,0.02,0.006999999999999999,3,0.0015,0.01,0.03,0.03,10.0,0.00275,0.002298507462686567,0.001163,32.527866284899886,300.68557863992805
479,52.50547151684906,3.0,0.02,0.006999999999999999,3,0.002,0.01,0.03,0.03,10.0,0.002,0.0017499999999999998,0.001184,40.234077790688936,347.5990042567564
480,28.75522124377076,1.0,0.02,0.006999999999999999,3,0.002,0.013000000000000001,0.04,0.03,10.0,0.0035000000000000005,0.0028000000000000004,0.0012499999999999998,22.034652294077212,183.1448524443199
481,41.338326035315504,2.0,0.02,0.006999999999999999,3,0.0015,0.013000000000000001,0.04,0.03,10.0,0.00425,0.00326027397260274,0.001229,31.676878187981227,422.66921826001965
482,23.25907466191612,1.0,0.02,0.006999999999999999,11,0.001,0.03,0.09,0.03,10.0,0.0019,0.0016729559748427673,0.003933999999999999,17.823045717943387,108.69610566217365
483,49.613572866972035,3.0,0.02,0.006999999999999999,5,0.002,0.03,0.09,0.03,10.0,0.004999999999999999,0.0036842105263157894,0.00224,38.01806349959543,716.2055929212656
484,26.886593150651738,1.0,0.02,0.006999999999999999,6,0.0015,0.03,0.09,0.03,10.0,0.0042,0.0032307692307692306,0.002506,20.602753372146925,208.79667149893902
485,26.630269559938753,1.0,0.02,0.006999999999999999,6,0.001,0.03,0.09,0.03,10.0,0.0048000000000000004,0.0035744680851063832,0.002464,20.40633682753927,229.18395516242032
486,38.830104615228606,2.0,0.02,0.006999999999999999,6,0.001,0.03,0.09,0.03,10.0,0.0048000000000000004,0.0035744680851063832,0.002464,29.754869436956785,458.36791032484064
487,39.546850330216515,2.0,0.02,0.006999999999999999,6,0.002,0.03,0.09,0.03,10.0,0.0036,0.0028636363636363638,0.0025479999999999995,30.304099869897712,373.1108577801882
488,48.5660618327283,3.0,0.02,0.006999999999999999,6,0.001,0.03,0.09,0.03,10.0,0.0048000000000000004,0.0035744680851063832,0.002464,37.21537305189908,687.551865487261
489,49.50208666179503,3.0,0.02,0.006999999999999999,6,0.002,0.03,0.09,0.03,10.0,0.0036,0.0028636363636363638,0.0025479999999999995,37.9326334573142,559.6662866702823
490,27.797729509362263,1.0,0.02,0.013000000000000001,10,0.0015,0.04,0.12,0.05,10.0,0.002777777777777778,0.0025096525096525097,0.006510000000000001,21.300942152768016,163.72938010962972
491,41.01387927877984,2.0,0.02,0.013000000000000001,10,0.0015,0.04,0.12,0.05,10.0,0.002777777777777778,0.0025096525096525097,0.006510000000000001,31.42825998373934,327.45876021925943
492,51.37551656092713,3.0,0.02,0.013000000000000001,10,0.0015,0.04,0.12,0.05,10.0,0.002777777777777778,0.0025096525096525097,0.006510000000000001,39.3682119240821,491.1881403288892
493,25.245613820144133,1.0,0.02,0.013000000000000001,14,0.001,0.04,0.12,0.05,10.0,0.002,0.001857142857142857,0.008564000000000002,19.3452979464706,120.88901652405232
494,40.53272484825651,2.0,0.02,0.013000000000000001,14,0.001,0.04,0.12,0.05,10.0,0.002,0.001857142857142857,0.008564000000000002,31.05955927069464,241.77803304810465
495,27.424832127207914,1.0,0.02,0.013000000000000001,4,0.002,0.04,0.12,0.05,10.0,0.010666666666666666,0.007563636363636364,0.003208,21.015197032343227,485.8345713046558
496,27.508654772939497,1.0,0.02,0.013000000000000001,5,0.0015,0.04,0.12,0.05,10.0,0.008125,0.0061904761904761916,0.003715,21.079428944781224,397.19457751627084
497,27.850217618072804,1.0,0.02,0.013000000000000001,6,0.002,0.04,0.12,0.05,10.0,0.0056,0.004607594936708861,0.004352000000000001,21.341162925726284,298.59280195383684
498,40.25460165550179,2.0,0.02,0.013000000000000001,6,0.002,0.04,0.12,0.05,10.0,0.0056,0.004607594936708861,0.004352000000000001,30.846438050192937,597.1856039076737
499,51.40897472826619,3.0,0.02,0.013000000000000001,7,0.002,0.04,0.12,0.05,10.0,0.004333333333333334,0.0037142857142857147,0.004924000000000001,39.3938503664875,725.3340991443141
500,28.235111910421143,1.0,0.02,0.013000000000000001,8,0.0015,0.04,0.12,0.05,10.0,0.004,0.0034666666666666665,0.005392000000000002,21.636101080782485,224.6555367081248
501,30.211811037115847,1.0,0.02,0.013000000000000001,3,0.001,0.01,0.03,0.05,10.0,0.0035,0.003084745762711865,0.0018980000000000004,23.150813055261185,199.9053504606196
502,28.3306194887489,1.0,0.02,0.013000000000000001,3,0.002,0.01,0.03,0.05,10.0,0.002,0.001857142857142857,0.0019760000000000003,21.709286964558547,123.6519511492504
503,43.1625192808104,2.0,0.02,0.013000000000000001,3,0.0015,0.01,0.03,0.05,10.0,0.00275,0.0024869565217391304,0.0019370000000000006,33.074727418245516,326.69222552922895
504,53.84395763065449,3.0,0.02,0.013000000000000001,3,0.0015,0.01,0.03,0.05,10.0,0.00275,0.0024869565217391304,0.0019370000000000006,41.259737648011104,490.0383382938434
505,52.792012825839116,3.0,0.02,0.013000000000000001,4,0.001,0.01,0.03,0.05,10.0,0.002,0.001857142857142857,0.0024440000000000004,40.4536496749725,364.2950439245181
506,51.53996320657411,3.0,0.02,0.013000000000000001,3,0.0015,0.013000000000000001,0.04,0.05,10.0,0.00425,0.0036528925619834715,0.0020030000000000004,39.494224679367136,712.5490300231818
507,52.07829858422377,3.0,0.02,0.013000000000000001,4,0.001,0.013000000000000001,0.04,0.05,10.0,0.0030000000000000005,0.0026896551724137937,0.00251,39.90674221013315,522.9051285447734
508,27.181621945309637,1.0,0.02,0.013000000000000001,5,0.001,0.013000000000000001,0.04,0.05,10.0,0.002,0.001857142857142857,0.0030560000000000006,20.82882907686562,121.15974128112597
509,41.582852053716564,2.0,0.02,0.013000000000000001,5,0.001,0.013000000000000001,0.04,0.05,10.0,0.002,0.001857142857142857,0.0030560000000000006,31.86425444729239,242.31948256225195
510,51.37051270184328,3.0,0.02,0.013000000000000001,11,0.001,0.03,0.09,0.05,10.0,0.0019,0.0017706093189964157,0.006706000000000001,39.364377549305196,346.2844205180116
511,48.594193935112216,3.0,0.02,0.013000000000000001,3,0.002,0.03,0.09,0.05,10.0,0.012,0.008210526315789474,0.002416,37.23693021847679,1582.158636814504
512,49.30987463496635,3.0,0.02,0.013000000000000001,4,0.0015,0.03,0.09,0.05,10.0,0.008,0.00611764705882353,0.0029360000000000002,37.785344547866934,1178.86329801865
513,28.460307191723636,1.0,0.02,0.013000000000000001,6,0.0015,0.03,0.09,0.05,10.0,0.0042,0.003615894039735099,0.004054000000000001,21.808664514730754,234.32613928165335
514,28.2137951024039,1.0,0.02,0.013000000000000001,6,0.001,0.03,0.09,0.05,10.0,0.0048000000000000004,0.004051948051948052,0.003976,21.619766361995325,260.2685203417799
515,28.496332144720284,1.0,0.02,0.013000000000000001,6,0.002,0.03,0.09,0.05,10.0,0.0036,0.003162162162162162,0.004132,21.836269842697536,206.76205195715895
516,52.23957674647417,3.0,0.02,0.013000000000000001,6,0.002,0.03,0.09,0.05,10.0,0.0036,0.003162162162162162,0.004132,40.03032700879246,620.2861558714768
517,51.13429588905896,3.0,0.02,0.013000000000000001,7,0.0015,0.03,0.09,0.05,10.0,0.0032499999999999994,0.0028888888888888883,0.004613000000000001,39.18336849736319,564.1487437789108
518,41.17187700112866,2.0,0.02,0.013000000000000001,9,0.001,0.03,0.09,0.05,10.0,0.0026249999999999997,0.002384279475982533,0.005614000000000001,31.54933103534763,309.0239915417438
519,41.798808749328124,2.0,0.02,0.02,10,0.0015,0.04,0.12,0.08,10.0,0.002777777777777778,0.002597402597402598,0.009520000000000002,32.02973850523228,338.4710661009395
520,52.962361766417075,3.0,0.02,0.02,10,0.0015,0.04,0.12,0.08,10.0,0.002777777777777778,0.002597402597402598,0.009520000000000002,40.58418526162228,507.7065991514092
521,28.006287520099935,1.0,0.02,0.02,4,0.002,0.04,0.12,0.08,10.0,0.010666666666666666,0.008421052631578947,0.0044399999999999995,21.460756720383092,540.5422177405948
522,38.95530362278278,2.0,0.02,0.02,4,0.002,0.04,0.12,0.08,10.0,0.010666666666666666,0.008421052631578947,0.0044399999999999995,29.850807373779904,1081.0844354811895
523,28.151993267389603,1.0,0.02,0.02,5,0.0015,0.04,0.12,0.08,10.0,0.008125,0.006753246753246754,0.0052200000000000015,21.57240863401502,433.0280623450114
524,28.193890168312883,1.0,0.02,0.02,6,0.002,0.04,0.12,0.08,10.0,0.0056,0.004912280701754386,0.0062,21.604513538937077,318.01130473912497
525,28.705915932928132,1.0,0.02,0.02,7,0.002,0.04,0.12,0.08,10.0,0.004333333333333334,0.003909774436090226,0.007080000000000001,21.996870446688224,254.19735193564455
526,28.756517526393907,1.0,0.02,0.02,8,0.0015,0.04,0.12,0.08,10.0,0.004,0.003636363636363637,0.007800000000000001,22.03564561409495,235.41096584584574
527,28.57361489546941,1.0,0.02,0.02,8,0.001,0.04,0.12,0.08,10.0,0.004571428571428572,0.0041025641025641026,0.007640000000000001,21.89549034135587,263.3410804377257
528,41.74267900392567,2.0,0.02,0.02,8,0.0015,0.04,0.12,0.08,10.0,0.004,0.003636363636363637,0.007800000000000001,31.98672720607331,470.8219316916915
529,50.93988878717432,3.0,0.02,0.02,8,0.001,0.04,0.12,0.08,10.0,0.004571428571428572,0.0041025641025641026,0.007640000000000001,39.0343975380646,790.023241313177
530,42.977210198403746,2.0,0.02,0.02,3,0.0015,0.01,0.03,0.08,10.0,0.00275,0.002573099415204678,0.0028400000000000005,32.93272812138218,337.481384621112
531,53.17438721897271,3.0,0.02,0.02,3,0.0015,0.01,0.03,0.08,10.0,0.00275,0.002573099415204678,0.0028400000000000005,40.74665687277602,506.222076931668
532,52.9596614589734,3.0,0.02,0.02,3,0.001,0.01,0.03,0.08,10.0,0.0035,0.003218390804597701,0.0027800000000000004,40.582116060516014,625.05670241828
533,53.34853120624006,3.0,0.02,0.02,3,0.002,0.01,0.03,0.08,10.0,0.002,0.0019047619047619048,0.0029,40.88010054118012,379.66655769875115
534,42.9116985056687,2.0,0.02,0.02,3,0.0015,0.013000000000000001,0.04,0.08,10.0,0.00425,0.00384180790960452,0.0029060000000000006,32.88252759055073,499.02146861082423
535,42.228495868791875,2.0,0.02,0.02,3,0.001,0.013000000000000001,0.04,0.08,10.0,0.005000000000000001,0.004444444444444445,0.0028460000000000004,32.3590006657409,571.7837471924576
536,42.8692852304593,2.0,0.02,0.02,3,0.002,0.013000000000000001,0.04,0.08,10.0,0.0035000000000000005,0.003218390804597701,0.002966,32.85002699652053,422.11621462013704
537,53.62919294222898,3.0,0.02,0.02,3,0.0015,0.013000000000000001,0.04,0.08,10.0,0.00425,0.00384180790960452,0.0029060000000000006,41.09516700553945,748.5322029162364
538,29.975047896624947,1.0,0.02,0.02,4,0.001,0.013000000000000001,0.04,0.08,10.0,0.0030000000000000005,0.0027906976744186047,0.003686,22.969385361398423,180.66422960262577
539,53.740353424730465,3.0,0.02,0.02,4,0.0015,0.013000000000000001,0.04,0.08,10.0,0.0023333333333333335,0.002204724409448819,0.0037660000000000003,41.18034745190074,433.74933864510143
540,24.718058046901056,1.0,0.02,0.02,11,0.001,0.03,0.09,0.08,10.0,0.0019,0.0018138424821002388,0.00994,18.941040648966325,118.09748304727037
541,52.11502906493013,3.0,0.02,0.02,4,0.0015,0.03,0.09,0.08,10.0,0.008,0.006666666666666667,0.0041400000000000005,39.93488817236025,1283.787767133913
542,28.955914533709716,1.0,0.02,0.02,6,0.0015,0.03,0.09,0.08,10.0,0.0042,0.003800904977375565,0.005860000000000001,22.188440255716255,246.06304574837262
543,28.74019370410932,1.0,0.02,0.02,6,0.001,0.03,0.09,0.08,10.0,0.0048000000000000004,0.004285714285714287,0.00574,22.0231369380148,275.09737867155275
544,29.013071770735788,1.0,0.02,0.02,6,0.002,0.03,0.09,0.08,10.0,0.0036,0.0033027522935779817,0.005979999999999999,22.23223890477838,215.65685047393475
545,41.9511237837446,2.0,0.02,0.02,6,0.0015,0.03,0.09,0.08,10.0,0.0042,0.003800904977375565,0.005860000000000001,32.14645500670084,492.12609149674523
546,52.80778311699742,3.0,0.02,0.02,6,0.0015,0.03,0.09,0.08,10.0,0.0042,0.003800904977375565,0.005860000000000001,40.46573418927005,738.1891372451179
547,53.17698809511558,3.0,0.02,0.02,7,0.0015,0.03,0.09,0.08,10.0,0.0032499999999999994,0.003005780346820809,0.006720000000000001,40.74864988131462,586.2701931926136
548,23.038661350284723,2.0,0.06,0.02,10,0.0015,0.04,0.12,0.08,10.0,0.002777777777777778,0.002597402597402598,0.0272,52.962439885712,338.4710661009395
549,30.656398320248048,3.0,0.06,0.02,10,0.0015,0.04,0.12,0.08,10.0,0.002777777777777778,0.002597402597402598,0.0272,70.47447889712194,507.7065991514092
550,26.775933985961057,3.0,0.06,0.02,14,0.001,0.04,0.12,0.08,10.0,0.002,0.0019047619047619048,0.03676,61.55387123209438,371.51920667517277
551,25.294965550436046,2.0,0.06,0.02,4,0.002,0.04,0.12,0.08,10.0,0.010666666666666666,0.008421052631578947,0.01252,58.14934609295642,1081.0844354811895
552,32.437648742985715,3.0,0.06,0.02,4,0.002,0.04,0.12,0.08,10.0,0.010666666666666666,0.008421052631578947,0.01252,74.56930745513957,1621.6266532217842
553,17.01259661706037,1.0,0.06,0.02,6,0.002,0.04,0.12,0.08,10.0,0.0056,0.004912280701754386,0.01748,39.10941751048361,318.01130473912497
554,16.45511621246441,1.0,0.06,0.02,7,0.002,0.04,0.12,0.08,10.0,0.004333333333333334,0.003909774436090226,0.01996,37.827853361987145,254.19735193564455
555,25.26722960282494,2.0,0.06,0.02,7,0.002,0.04,0.12,0.08,10.0,0.004333333333333334,0.003909774436090226,0.01996,58.085585293850436,508.3947038712891
556,24.963940054120624,2.0,0.06,0.02,11,0.0015,0.09,0.27,0.08,10.0,0.00735,0.006209081309398098,0.032760000000000004,57.38836794050717,795.9899833769714
557,15.673598637495326,1.0,0.06,0.02,16,0.002,0.09,0.27,0.08,10.0,0.0038666666666666663,0.003525835866261398,0.045380000000000004,36.031261235621436,229.34462314781226
558,24.664012411351077,2.0,0.06,0.02,16,0.001,0.09,0.27,0.08,10.0,0.004933333333333333,0.004391691394658753,0.04474,56.698879106554195,562.7401945712943
559,13.114190876423303,1.0,0.06,0.02,21,0.0015,0.09,0.27,0.08,10.0,0.0029249999999999996,0.002725684333139196,0.05736,30.147565233157014,177.21271419159373
560,16.436456132253525,1.0,0.06,0.02,8,0.002,0.09,0.27,0.08,10.0,0.01057142857142857,0.008361581920903954,0.02554,37.784956625870166,535.7159479393395
561,24.442971519562573,2.0,0.06,0.02,8,0.002,0.09,0.27,0.08,10.0,0.01057142857142857,0.008361581920903954,0.02554,56.1907391254312,1071.431895878679
562,17.974169876013242,2.0,0.06,0.02,11,0.001,0.03,0.09,0.08,10.0,0.0019,0.0018138424821002388,0.02882,41.31993074945573,236.19496609454075
563,26.270077773839255,3.0,0.06,0.02,11,0.001,0.03,0.09,0.08,10.0,0.0019,0.0018138424821002388,0.02882,60.39098338813621,354.2924491418111
564,17.12047582533794,1.0,0.06,0.02,4,0.0015,0.03,0.09,0.08,10.0,0.008,0.006666666666666667,0.011819999999999999,39.35741569043204,427.9292557113042
565,25.170740053209954,2.0,0.06,0.02,4,0.0015,0.03,0.09,0.08,10.0,0.008,0.006666666666666667,0.011819999999999999,57.863770237264255,855.8585114226084
566,33.10649736461986,3.0,0.06,0.02,5,0.002,0.03,0.09,0.08,10.0,0.004999999999999999,0.0044444444444444444,0.01438,76.10689049337898,865.6397515531527
567,16.628624021039325,1.0,0.06,0.02,6,0.0015,0.03,0.09,0.08,10.0,0.0042,0.003800904977375565,0.016739999999999998,38.22672188744672,246.06304574837262
568,16.868301143147296,1.0,0.06,0.02,6,0.001,0.03,0.09,0.08,10.0,0.0048000000000000004,0.004285714285714287,0.01662,38.7777037773501,275.09737867155275
569,15.834670312072955,1.0,0.06,0.02,6,0.002,0.03,0.09,0.08,10.0,0.0036,0.0033027522935779817,0.01686,36.401540947294144,215.65685047393475
570,25.229270479075797,2.0,0.06,0.02,6,0.0015,0.03,0.09,0.08,10.0,0.0042,0.003800904977375565,0.016739999999999998,57.99832294040413,492.12609149674523
571,25.1359550614506,2.0,0.06,0.02,6,0.001,0.03,0.09,0.08,10.0,0.0048000000000000004,0.004285714285714287,0.01662,57.78380473896689,550.1947573431055
572,32.36684558747017,3.0,0.06,0.02,6,0.0015,0.03,0.09,0.08,10.0,0.0042,0.003800904977375565,0.016739999999999998,74.40654158039119,738.1891372451179
573,17.608845707822987,2.0,0.06,0.04,11,0.001,0.03,0.09,0.16,10.0,0.0019,0.001855921855921856,0.05566,40.480105075455135,241.67445859246047
574,15.83748058364153,2.0,0.1,0.1,12,0.0015,0.05,0.15,0.2,10.0,0.0029090909090909093,0.0028673835125448033,0.24890000000000004,60.68000223617445,385.08085239025326
575,49.44031463816938,3.0,0.02,0.006999999999999999,9,0.001,0.03,0.09,0.03,10.0,0.0026249999999999997,0.0022105263157894735,0.003346,37.885298573309875,428.5826414978222
576,41.17283054025283,2.0,0.02,0.02,6,0.001,0.03,0.09,0.08,10.0,0.0048000000000000004,0.004285714285714287,0.00574,31.550061716668832,550.1947573431055
577,5.134545923908305,0.2,0.0495,0.031,10,0.001,0.0495,0.15,0.063,10.0,0.004388888888888889,0.004098744769874478,0.03385925000000001,9.737931924653681,53.497129864770294
578,10.101847461100697,0.4,0.0495,0.031,10,0.001,0.0495,0.15,0.063,10.0,0.004388888888888889,0.004098744769874478,0.03385925000000001,19.158676219328907,106.99425972954059
579,13.666946279419397,0.6,0.0495,0.031,10,0.001,0.0495,0.15,0.063,10.0,0.004388888888888889,0.004098744769874478,0.03385925000000001,25.92007052993334,160.49138959431087
580,16.352711875990813,0.8,0.0495,0.031,10,0.001,0.0495,0.15,0.063,10.0,0.004388888888888889,0.004098744769874478,0.03385925000000001,31.013763902741196,213.98851945908118
581,18.582185204674904,1.0,0.0495,0.031,10,0.001,0.0495,0.15,0.063,10.0,0.004388888888888889,0.004098744769874478,0.03385925000000001,35.24207538817654,267.4856493238514
582,20.54030215071775,1.2,0.0495,0.031,10,0.001,0.0495,0.15,0.063,10.0,0.004388888888888889,0.004098744769874478,0.03385925000000001,38.9557454582578,320.98277918862175
583,22.318424408609673,1.4,0.0495,0.031,10,0.001,0.0495,0.15,0.063,10.0,0.004388888888888889,0.004098744769874478,0.03385925000000001,42.328046292190756,374.479909053392
584,23.97313933376016,1.6,0.0495,0.031,10,0.001,0.0495,0.15,0.063,10.0,0.004388888888888889,0.004098744769874478,0.03385925000000001,45.46629873644168,427.97703891816235
585,25.5419092940775,1.8,0.0495,0.031,10,0.001,0.0495,0.15,0.063,10.0,0.004388888888888889,0.004098744769874478,0.03385925000000001,48.44155210945733,481.4741687829326
586,27.039362751364603,2.0,0.0495,0.031,10,0.001,0.0495,0.15,0.063,10.0,0.004388888888888889,0.004098744769874478,0.03385925000000001,51.28155004569148,534.9712986477028
587,28.479700927676614,2.2,0.0495,0.031,10,0.001,0.0495,0.15,0.063,10.0,0.004388888888888889,0.004098744769874478,0.03385925000000001,54.01322589731772,588.4684285124732
588,29.87929546378916,2.4,0.0495,0.031,10,0.001,0.0495,0.15,0.063,10.0,0.004388888888888889,0.004098744769874478,0.03385925000000001,56.66762932787599,641.9655583772435
589,31.23051860617906,2.6,0.0495,0.031,10,0.001,0.0495,0.15,0.063,10.0,0.004388888888888889,0.004098744769874478,0.03385925000000001,59.23029390827063,695.4626882420138
590,32.54612468419023,2.8,0.0495,0.031,10,0.001,0.0495,0.15,0.063,10.0,0.004388888888888889,0.004098744769874478,0.03385925000000001,61.72540888380907,748.959818106784
